0.0	36889.50082352845	19423.77321556106	10503.314863976439	5946.803044643696	27608.110595110633	18842.936704373868	28520.731015510133	4436.036170474133	21526.261708978018	27473.61790530583	17871.569401899163	7514.248666668338	1691.657687605755	18767.733072086467	17907.248751702267	21575.4853203858	15123.732236764336	22817.67243390027	23455.54927993158	16893.099199144734	9048.457995197821	12356.867620871084	9277.928073229838	4634.990640055708	4740.15195550849	20301.368019305297	9164.498369574205	21036.91992279228	25528.475152025272	20178.023268066503	13132.028214419175	37800.915220300005	7285.413629471441	2410.779156534441	4024.5388634184806	31682.105472485735	22435.393003316163	17872.51719876078	10741.823040287918	5307.66409795661	7231.143522089389	14037.347909386373	5680.384010914111	13846.995388871579	10885.952874100458	2143.377103074206	16490.696332783267	6866.003885495219	31470.4889800147	10236.895121629372	8633.89770331621	7464.73926507546	2813.6191951999926	8207.516630171347	5278.113656132056	32280.104922207443	7205.26153212802	4840.730470758296	12809.645948390427	25183.201967949648	20647.90159283335	30474.015230907706	26939.94586232694	2853.5744307260093	24736.25073854208	14877.602759968588	5359.820872207128	33823.2448174087	31678.84050663752	11482.915807002913	7347.14208970947	9364.81186838835	22162.13562324308	21920.97742698207	33649.99566327813	9649.980674508133	26296.678103778784	28938.347326748764	26416.032031170216	
36889.50082352845	0.0	19299.594226293862	29426.168001252834	36329.70164309983	10335.087454740395	18213.823090746464	9397.202395009554	35615.185243635766	16855.54061949519	9772.439827054983	19709.16333756167	29446.854630692764	37562.94743950309	18207.3991673629	19439.78228571125	16449.60051394404	22332.919903270566	20181.554529240944	13992.481792066383	20104.414987901237	28044.960142224874	24998.25338214446	36757.407953892885	40338.758068619034	37746.48422499128	17248.365468741413	33783.70754999811	21338.905359717864	11975.476436740777	17083.969984530755	24759.040715014908	4517.538498175064	29714.537672575418	34637.46692862862	37252.57609710966	7196.034721492118	14484.699293863414	19753.63638135942	27018.894674481984	32295.65982258253	30506.814643614765	23308.151804658566	31241.55922987316	23095.095546886238	26005.14007838863	36689.004226704914	20434.269986155483	31973.82370551028	9250.479701535758	27879.481071984424	31544.697880166193	30451.141914267697	39094.67835536575	40013.47571063737	34051.34745013567	4613.475248973324	40908.08903075693	39624.24265603779	24274.011404485635	14630.973013558445	16246.759412878087	9501.228932462069	12350.887561550311	34922.33579869604	12253.468893586287	23210.99138090137	34076.104536656225	7845.858792095901	7305.32943952952	27090.116415049117	34890.03928024096	29338.83217153789	14912.345585609535	17086.150180617446	4256.612938088695	27384.797339063574	10775.770917077372	8115.094367171917	12471.779020886726	
19423.77321556106	19299.594226293862	0.0	10328.130826765075	17475.071375722717	13191.316281817246	4137.19868916496	9994.393881025331	19743.504018405034	11392.459288602966	9585.818306222549	2512.9182379297235	12983.459254199226	20550.009266564484	7148.357864530324	8839.333320950122	2895.447220519859	9806.9635807962	5337.257027905616	10172.51186892434	7484.8608992629015	10502.36874595111	7181.655104379816	17524.631352653156	21989.850517911294	21817.316597694356	2819.540404633485	14579.3423395156	4545.0086293207505	11320.065918160955	8637.083506241921	11675.928614389773	21662.890213399685	12271.466997947258	17015.793739750097	18748.3283492858	16571.167642572662	7691.454176447546	9641.989890200333	8697.177485594513	16159.043750892422	14961.22040198799	5663.460009639724	13917.978511648791	8298.032379656817	9729.998396135416	18631.154046842767	5477.034370390609	16832.73516598792	12239.240843376188	13648.492358434114	12546.869039403933	12130.438142382782	22056.300718997125	20946.749632428742	15488.38451807527	14905.224562493633	22047.20438994575	23294.422505473238	9647.693153467613	5774.756010365226	5976.093492584561	16644.681705581523	14343.734947749068	18279.271352753163	7719.08915987006	4548.041789436362	18518.663073816584	19399.415065469788	12865.627912514288	13730.324396099695	15861.735585585666	10587.398026647425	5422.345076475239	2522.3440874644034	15384.486415310126	11578.643989715334	10812.423264294644	11305.660707401703	7287.146627522641	
10503.314863976439	29426.168001252834	10328.130826765075	0.0	7203.123796613557	21808.579210572443	11597.42469289658	20265.034050223243	12639.174147000724	17325.15088009034	19654.208899729896	9769.447518775782	7520.598958809711	12009.685478452822	13107.48561143849	13389.64274364782	13036.052316016401	11757.532881387053	12593.410816463884	17885.666756050625	11745.183959016886	4942.661388665437	5400.843378467348	7388.105631356184	11992.805645123104	14274.380308970307	12186.85692705509	4403.222262824924	10784.972620805951	19687.645524898664	14951.773383775064	11488.52118703649	31337.280355071824	5517.611184625915	8251.17533666776	8725.922250796739	25689.72459063193	15980.75128168657	13834.408986635259	3506.5476542996203	9703.290857813956	9788.22175437933	6693.051741969324	6520.682443839113	9376.515501511274	7230.7675532772955	9094.276624965647	10073.045547587193	11406.074465275491	22507.370162723815	10830.046597613233	2258.4048809471583	3504.59465977814	13316.533212665925	10627.506037898827	5588.6415785127765	24906.325452429886	11740.766947645934	15142.768076660745	9484.177282198676	15947.473707980824	13924.76821561872	25159.750083635718	22078.470482119366	10564.541430447729	17323.316114519042	6247.999198089536	12068.864359607707	28305.869349107812	23191.97515626219	11849.659676742092	5533.950210716346	1653.352157548892	14672.814083217441	12800.255415340038	25644.98189327249	8107.065915671642	19827.64943530385	21323.32350491336	17612.068549414435	
5946.803044643696	36329.70164309983	17475.071375722717	7203.123796613557	0.0	28052.77393331984	18193.368160781607	27319.477050131463	10035.601267052289	22739.944312364045	26590.913811465536	16629.94949338602	9339.250000229898	7608.474161730494	19067.278798589166	18803.277103752655	20093.099234386395	16455.520413760994	19636.88568829341	23955.816795626994	17389.046892067086	8906.890212809209	11435.964477705213	3340.960025130722	5082.24059482418	10682.821237226495	19110.325524993306	3862.9393226714114	17832.069332024785	25912.468792702835	20779.199672004248	15168.886172940973	37933.499222912666	7763.020502946033	5170.20441280742	2181.054915212103	32062.47195915109	22380.641631092592	19024.499828003743	9350.78534656434	9107.246162138308	10501.006190248894	13075.552607380167	7028.311042943446	14480.425420064108	11539.942410549478	3807.999584108448	16241.78832543503	11127.830625208857	29691.53837354652	13045.4154562265	4947.95092518764	6101.414862425145	8295.978692390749	3930.7794285223886	2610.9108785463586	31755.84152939513	4588.23749117705	10603.185584816354	13939.020183812278	23141.950532358664	20380.903099448802	31249.45953001919	27921.612307316183	7928.596150694309	24106.481223696283	13166.0394021227	10437.07555813777	34516.68597472374	30309.480725075966	14343.703169521745	1915.360917150963	6994.277014565052	21437.574531854752	19970.63789362971	32670.926734915567	11205.529289887696	26307.862750190026	28215.964020093747	24760.189019460748	
27608.110595110633	10335.087454740395	13191.316281817246	21808.579210572443	28052.77393331984	0.0	10279.79767817092	7731.4121552730185	25810.083942127174	6589.696478317538	6178.7416751098735	12359.500187586455	20095.772643837663	28067.94070308096	9005.96176164317	9711.804199937065	10537.38674788473	12564.961764453552	16649.937701293642	4159.487020754308	10790.96348342517	19262.27493922642	16681.69426479445	29144.349291415016	31472.12399844437	27901.347060234533	10426.987595071747	26184.534200164795	16968.62725369237	2140.616941488683	7435.89099773144	14855.679782862151	10222.308550045333	20756.823561261986	25513.233624703786	28599.034807002743	4074.8487057601183	5850.409727092514	9845.07929831261	18793.5129645559	22683.901172273767	20805.525222664222	15156.421809670957	22133.37244118131	13836.218109985028	16869.055889036623	27733.754817337307	11841.492628547148	22107.152331640144	11322.137274568124	18000.19639741949	23654.197057118643	21962.490554882475	29568.17239282197	31927.409712400266	25568.62123195711	6431.654425725424	32504.384591170634	29847.198232965555	14798.492031513111	11548.07121325316	7908.322265759978	3459.5665864099187	2544.9126610012686	25375.054319937262	5827.954171475545	15710.198248623657	24236.685473922164	6499.431525807112	9532.444170133727	17083.96603142367	26899.13708717351	21286.392262375914	7769.584539459345	12009.1102689015	9037.889556067254	17958.479191648155	2501.76131861201	5586.6246839513215	9740.845752522175	
18842.936704373868	18213.823090746464	4137.19868916496	11597.42469289658	18193.368160781607	10279.79767817092	0.0	9718.716652769901	18231.681276098323	7326.337584704034	8634.480448793087	2212.9467776335955	11617.545031855978	19684.184348162085	3015.7201520847366	4795.577246055383	3646.7908381842776	6343.11024668624	9340.149909180718	6623.651345521101	3705.4088073414237	9867.180340509503	6791.028589767408	18976.524585556475	22129.398916266888	20375.90282746064	2131.360908733368	15997.052858722996	8682.135693644565	8200.095727989023	4550.778917832033	8598.04190471459	19781.255559564826	11580.952489052266	16524.551452588297	19041.107310625903	14097.479228292104	4429.934168368809	5604.83744636487	8844.589567304945	14697.139342618297	13146.769606433587	5119.115238426978	13162.651393025983	5641.255511527347	8105.250474166422	18502.195725746784	2480.3878577142327	14890.377425274262	13000.470814414486	11161.724649065978	13554.857571444796	12243.183193260553	21224.637835974157	21970.005901346147	15853.939854796043	13610.498473664926	22748.319575872116	22079.932292971294	7043.73903988218	7634.138118084832	2379.222851550737	13694.736624567548	10911.737640129191	17154.722658879866	5961.550185438366	5432.1120334559455	16823.279419709062	16753.625665906875	12909.84127902146	10906.915791777836	16868.17988954695	11248.448065552102	3327.5469933814293	5050.020159584809	14811.908059023026	9756.279245890508	8230.241473807362	10146.998092384	8061.229481457376	
28520.731015510133	9397.202395009554	9994.393881025331	20265.034050223243	27319.477050131463	7731.4121552730185	9718.716652769901	0.0	27901.20003990496	11655.988607845902	1740.9131140429686	10765.648684117008	21334.393323609638	29398.501234405634	10781.081091961809	12523.039325021875	7232.750186736049	15166.483637503188	11026.317928517428	8507.103334113352	12547.634829598754	19490.9870340694	16258.883547823501	27516.84794419153	31596.617266245987	30050.047889525424	8278.50436012071	24564.108486052537	12025.26729126692	7494.679036681975	10434.72992812762	17645.434245246794	12384.87414007684	21238.23408835822	26174.035481426257	28419.709996558224	8889.441888986721	7370.543923437352	13110.141637714232	18159.554525518393	24393.983273550486	22783.8656072452	14551.079052755018	22844.328049428645	15204.948689913164	17821.702622338857	28057.84589761499	12164.13736629303	24462.05886630351	3967.717385629644	20548.506709774985	22443.533642751674	21643.730961279678	30938.52178603741	30891.675091232282	25171.819558806805	5365.529383802138	31907.261166933014	31784.965560878147	16549.538085725086	5368.833936472226	8368.940062922415	10201.330104866156	10172.205041710353	26872.736959055987	4341.189676627518	14157.104940444484	26456.40564472946	11680.726292993175	3204.346821582617	20050.258612736554	25782.21354822109	20340.297650033986	6481.445863092033	7700.929299883669	5390.181863278525	19435.629119904366	5786.3802660838855	2397.4579850448904	3151.172477142548	
4436.036170474133	35615.185243635766	19743.504018405034	12639.174147000724	10035.601267052289	25810.083942127174	18231.681276098323	27901.20003990496	0.0	19386.15141099898	26647.587614711298	17769.21450894139	6766.158262613347	3381.808684242614	17450.9630508516	16198.748259447633	21428.64861850248	13302.134099517121	23905.354576667938	21754.436658646544	15562.193390397813	9402.639136961421	12601.630362651305	13356.272900892534	8843.741655639456	2150.031348960747	20004.646494848395	12626.752903898661	22217.86668911633	23837.08964011681	18553.174821031524	10954.548348031765	36017.80951864592	7768.205998037997	5056.3583620512	8357.172445520277	29831.747928112884	21184.575154663235	15973.244654474387	11597.465177535827	3589.2208974543996	5135.317260537782	14086.063638899475	6278.663042754845	12708.237941565354	10188.755758835581	6419.360899297071	15757.107291982207	3718.9571643510535	31211.316121897507	7811.17723284805	11318.111144374303	9155.143830785517	4379.167556065954	12638.37416964061	8582.999517338354	31066.524651692474	11604.800133007975	4037.671720994739	11411.51112707385	25305.195080853973	19642.94167702984	28372.15749864783	24779.492805629776	2215.9547049552257	23815.607606060243	15380.280287123875	1590.0879458770603	31713.39777123199	31104.755117746256	8816.094087211377	11070.689879547126	11144.927046964804	21420.798732187675	22108.558706251803	32742.178280865497	8475.471737677828	24850.6668899108	27951.331723136667	26203.102470468344	
21526.261708978018	16855.54061949519	11392.459288602966	17325.15088009034	22739.944312364045	6589.696478317538	7326.337584704034	11655.988607845902	19386.15141099898	0.0	9937.904307769595	9458.620680889446	14099.444731974248	21829.690947698648	4540.06948270194	3971.830284907133	9825.86894606158	6432.824253572493	16299.346854204152	3197.419441925306	5580.442176951758	13836.174467508945	11927.658166980087	24327.473360050837	25640.8376844456	21444.02634381208	8793.568710000798	21487.994006667457	15897.684520977662	4934.586846304543	2776.945166512343	8479.51767517805	16679.481889074203	15097.254599775919	19583.57393115273	22976.672352782192	10494.360848990442	4780.760582039727	3729.6895824672233	13948.38847107976	16420.424495996933	14498.63170776364	10765.351051674274	16294.38471704825	8268.28283987542	11216.416506011274	21895.000871108175	7491.732369213185	15668.1382648411	15622.647945239565	11591.638343661261	18824.45089934832	16681.019815853855	23296.461860054857	26669.57967312412	20159.420469987203	12635.12867942893	26997.101680985677	23420.00546592854	8891.153182026303	12854.025191311455	5567.619338196436	8998.561547991461	5424.221009023209	19126.97065817785	7575.487597996986	11951.341621879626	17800.908790667727	12348.78640898445	14454.847216386068	10590.630965683447	21852.54493560547	16438.798869955972	7173.322166097423	11541.399044164016	14928.541373486132	11958.631297811913	6457.671665780046	10452.453462917636	12007.145599944213	
27473.61790530583	9772.439827054983	9585.818306222549	19654.208899729896	26590.913811465536	6178.7416751098735	8634.480448793087	1740.9131140429686	26647.587614711298	9937.904307769595	0.0	9961.001486133036	20175.886795465103	28281.003415764528	9340.979825971404	11000.807404405325	6705.341663417392	13720.481335279766	11469.269012042038	6775.815120103246	11164.355164384951	18496.32235377461	15344.965574388585	26987.55434530103	30715.841026932118	28797.522066513797	7485.370510220786	24012.250842246085	12237.291080204164	5774.399811231304	8838.744851670635	16208.280225690409	12180.447938246243	20215.39907765074	25159.02428038567	27582.83928849784	7912.1456845528555	5788.888094767742	11549.156938280597	17320.59861482349	23181.251788148133	21515.390257059524	13640.349007682564	21794.171605111813	13941.171673945688	16671.41788405145	27118.967592219447	11005.890912734016	23146.853250425353	5699.503873641576	19174.544255278597	21780.338217403383	20782.14343805492	29821.494811641303	30248.96281094471	24357.52847339912	5319.646298740009	31175.453007561773	30574.46154238707	15247.963033996808	5892.427079241815	7011.603855745502	8926.622683989584	8546.752286153642	25712.141270647182	2849.8126125254194	13447.505847738204	25174.398571476544	10785.763312056897	4655.693874468997	18613.586591229123	25126.15361312322	19596.655403344852	5311.486478177065	7545.482446174177	6177.454975967276	18216.558522854164	4085.3862887978894	1727.876108477565	3788.943255307639	
17871.569401899163	19709.16333756167	2512.9182379297235	9769.447518775782	16629.94949338602	12359.500187586455	2212.9467776335955	10765.648684117008	17769.21450894139	9458.620680889446	9961.001486133036	0.0	11015.927003922485	18865.652157274893	4990.856360936355	6496.356805055277	3710.7221986581912	7294.731507964725	7835.627400612897	8819.666079128847	5035.40991414872	8825.700702824834	5525.803507808351	17151.40510422133	20830.97327317855	19881.71877648054	2491.4490754259573	14165.280652966061	6885.953931690518	10319.351161083367	6685.874280032869	9191.483056532348	21585.659746359153	10598.907359649249	15492.562506125203	17659.523350293064	16072.42956182598	6541.14442848729	7282.582547514535	7394.815172518375	14182.977433527314	12837.963792283957	3834.221887134042	12235.647381797295	5850.788625387384	7606.433777136424	17307.83505012226	2965.981627640048	14676.365987834055	13606.095861011	11298.496191670027	11842.508350921757	10878.086097073761	20395.276205224145	20308.720180117973	14418.409240960063	15157.443856054193	21214.582894011954	21462.540276900443	7230.528293629755	7541.400100647983	4536.085142038543	15800.035082913591	13103.845648901563	16462.961949587494	7553.868686080833	3521.788677411365	16464.478108771316	18789.583194100283	13862.430176691294	11299.865577471832	15185.68981903882	9635.737181630924	4909.092208000935	4414.976783183984	16065.894409173772	9415.90992180523	10191.999398268706	11594.227267328386	8551.09404360518	
7514.248666668338	29446.854630692764	12983.459254199226	7520.598958809711	9339.250000229898	20095.772643837663	11617.545031855978	21334.393323609638	6766.158262613347	14099.444731974248	20175.886795465103	11015.927003922485	0.0	8123.306333093472	11273.321008716752	10403.335010171628	14694.133347553885	7668.080526298825	17305.432910558473	15941.832735139797	9389.64303020654	2961.2015178886354	5884.757117088922	11839.015552189549	11551.367001739929	8866.691944086377	13296.736602228197	9707.999534525892	15677.700888477717	18014.226576023015	12664.050991260894	5940.430070136599	30286.773916072696	2074.9471894974818	5484.516751591268	9069.992174789686	24170.253490042884	14967.448444476535	10405.154938362173	5262.8569363022125	3177.499318650311	2348.990297170811	7322.209879046069	2335.0952392000813	6357.013860778907	3512.6911208804363	7815.398109575191	9178.202116784516	4173.199668240913	24527.17076253984	3783.8767246697753	7316.82299545565	4428.731066904492	9660.565625845393	13165.052134521602	6773.458248184813	24847.057473634814	13141.313458931794	10479.25582558501	5298.252134799839	18544.716395888612	13245.774752681811	22996.64857315813	19487.797201102177	5539.567853953667	17386.294004640746	8684.394805181666	5561.854806141912	26341.0167092409	24527.385167670407	5048.326907798028	9119.804983742017	5869.338452204399	14884.628467083865	15342.674583132512	26331.214362138042	2147.266001374765	18801.256954877088	21575.11057404927	19496.015246459137	
1691.657687605755	37562.94743950309	20550.009266564484	12009.685478452822	7608.474161730494	28067.94070308096	19684.184348162085	29398.501234405634	3381.808684242614	21829.690947698648	28281.003415764528	18865.652157274893	8123.306333093472	0.0	19368.826749879016	18359.18469909753	22576.275261078532	15510.22669539504	24158.14734220859	23938.85652860227	17475.915425200776	10067.156784846211	13402.899044329024	10925.695826911531	5497.279392525596	3142.05928550845	21250.309089563187	10851.927601912232	22393.697985724437	26022.846566669727	20675.03287442556	13358.119086991042	38286.77350940388	8289.337076779195	3766.012526327562	5609.42936719623	32131.287034186513	23079.19899496565	18251.405916674714	11939.05085790181	5409.270242845358	7339.407382612636	15044.93899562798	6642.299135491125	14467.856258745298	11611.475693142878	3801.673556621574	17275.21031568592	6539.359417375014	32467.837179335005	10316.186752192842	10226.952474014368	8821.160352649436	1540.6833176118732	9583.920938967616	6932.713401492296	32966.724895990425	8361.203868191737	3181.5698059943675	13325.284734257348	26276.63816331196	21368.584065548635	30820.35707952068	27253.804268930347	2702.752211326862	25503.183335831407	16024.70398740692	4675.028176806143	34172.74322736042	32578.683123849387	11485.261612734517	9038.633091377404	10778.932205152863	22978.42571216677	23021.354235315168	34444.5782503448	10184.04151459528	26884.693842861318	29695.641586703892	27414.653169947287	
18767.733072086467	18207.3991673629	7148.357864530324	13107.48561143849	19067.278798589166	9005.96176164317	3015.7201520847366	10781.081091961809	17450.9630508516	4540.06948270194	9340.979825971404	4990.856360936355	11273.321008716752	19368.826749879016	0.0	1962.7892289879048	6284.689415556535	4386.65094872874	12339.63621024892	4888.6402733161385	1897.1006364017387	10256.635867078168	7797.001841015073	20316.89205071116	22497.972112567477	19593.960430171934	4918.186863017	17399.93336927868	11692.672203935388	6872.611856623367	1869.7290086691696	6870.803396001051	19082.561454448827	11774.360870366603	16595.752140051944	19595.443540299075	13054.883356602888	3734.723632015706	2739.128588024362	9896.110942784198	14089.573176642021	12322.865009101804	6428.514076100745	13198.070927177076	4920.831919782421	7917.665891898506	18771.012720245762	3055.06011282592	13871.30393483495	14486.275729566874	9849.22059949633	14797.101150540511	12969.18462420735	20896.36343859517	22959.25893684071	16567.202070602172	13630.17881704539	23500.616656086466	21437.947945814463	6067.579544935987	10021.3674679618	2476.223837561437	12190.495652667452	8978.889090919241	16717.45647715659	6493.869399650731	7451.689343626499	15938.090701871863	15449.825403836887	13949.001770275874	9276.773731473528	17976.66203582674	12407.594927414191	4553.4783847428025	7877.2428640969465	15323.719325591424	9184.899800020909	7529.358682993311	10527.696198940139	9915.823959029756	
17907.248751702267	19439.78228571125	8839.333320950122	13389.64274364782	18803.277103752655	9711.804199937065	4795.577246055383	12523.039325021875	16198.748259447633	3971.830284907133	11000.807404405325	6496.356805055277	10403.335010171628	18359.18469909753	1962.7892289879048	0.0	8222.383969229739	2897.101344014471	14120.316388194098	5582.616541790847	1720.3325386442134	9896.58644058284	7988.960253718387	20355.681996813535	21869.805773651788	18319.54263717258	6815.232523341485	17520.985064792025	13351.572956712578	7668.671089310787	2356.698056609161	5331.263567179764	19927.706855528617	11226.609104456164	15855.557774963521	19116.005067935654	13781.459418696844	5229.468182041106	809.2604458784041	9985.914195660787	12986.322488149832	11131.11366712253	6938.532697056969	12506.880648316837	4323.497625424694	7322.2696311242835	18121.379742948833	3904.1585313612422	12536.851077078018	16308.157053895475	8439.756160905166	14854.234726644037	12727.604339111684	19863.974324978804	22729.723442808427	16235.616464777251	14934.398541269897	23109.011238196013	20224.46465909448	5108.721444879199	11984.152536170419	4383.455277973553	12612.801982878791	9160.156091762898	15669.822319498437	8188.379556397392	8314.694905257376	14646.849882507968	15948.725641968931	15648.057320202608	7703.29901689803	17885.596235385856	12470.390814570663	6469.201016277414	9780.641441188636	16818.620336040094	8259.279864921396	8664.329608659145	12045.93167059913	11837.170558391244	
21575.4853203858	16449.60051394404	2895.447220519859	13036.052316016401	20093.099234386395	10537.38674788473	3646.7908381842776	7232.750186736049	21428.64861850248	9825.86894606158	6705.341663417392	3710.7221986581912	14694.133347553885	22576.275261078532	6284.689415556535	8222.383969229739	0.0	9989.669347444506	6545.289518395631	7979.270342865307	7332.91027101172	12533.244457201115	9220.741197522972	20320.088761406958	24442.239693426745	23551.629623169774	1528.6371058432887	17355.42642493442	6500.743631603661	8803.537231003536	7266.101504533388	12223.688946911074	18768.480516039326	14307.921157068096	19191.16161616975	21238.911779821912	13753.217322678558	5466.625360977266	9016.972331835084	11013.49768722679	17849.37091181186	16437.889488767378	7540.715959658779	15945.87741366141	9130.600988307178	11242.128838630193	20966.79457265312	5954.866937931087	18244.525233900753	9896.777720441072	14672.831452616345	15210.805465004127	14499.72581282269	24105.995329811063	23660.903410634623	17982.520847003874	12021.495606520875	24679.856968188815	25157.649671634772	10544.309864645029	4015.592109098704	4283.4297174257	13961.316641759688	11935.826020108967	20164.41806435972	4886.88910367377	6944.160863681633	20091.022389731545	16604.984727465857	10238.230115959235	14499.981955735913	18549.713551279514	13124.80767616874	2929.9818109732983	1719.2608212945286	12608.93010907649	13012.035527373591	8091.806382760895	8419.481230906427	4841.515173845085	
15123.732236764336	22332.919903270566	9806.9635807962	11757.532881387053	16455.520413760994	12564.961764453552	6343.11024668624	15166.483637503188	13302.134099517121	6432.824253572493	13720.481335279766	7294.731507964725	7668.080526298825	15510.22669539504	4386.65094872874	2897.101344014471	9989.669347444506	0.0	15123.173724020193	8463.47467998425	2712.709822396542	7629.735203957264	6547.100721040787	18300.604411537173	19208.403370189757	15422.467387923374	8471.807784325572	15596.052905610832	14050.11912269938	10549.45994088082	5253.199903981393	2488.6194762057326	22787.19375353899	8730.774998014384	13151.415225393617	16578.127869215314	16622.639515001218	8022.090230395854	2749.428331973905	8251.786736636224	10119.232866584223	8246.068820766659	6088.097694931492	9868.779216945044	2432.4211716267605	4937.314185058037	15463.337546121133	4330.345959240395	9641.325577451193	18839.041344371763	5550.71807705364	12904.8298331373	10496.359890266693	17005.077299959095	20383.10147670388	13852.80167978208	17815.645456577942	20618.526981803872	17329.29149903417	2516.5003485204393	13958.41376075436	6821.540200465998	15350.394299039055	11823.476766667292	12813.521767425482	10876.80355446722	7828.913733685467	11749.81076207539	18700.24478443898	18335.45113515182	4893.132896520358	15720.219797687692	10592.832072673187	8849.317337152823	11326.480318467955	19643.67789126196	5525.865641780243	11558.750146879727	14854.974359890497	14144.899719734593	
22817.67243390027	20181.554529240944	5337.257027905616	12593.410816463884	19636.88568829341	16649.937701293642	9340.149909180718	11026.317928517428	23905.354576667938	16299.346854204152	11469.269012042038	7835.627400612897	17305.432910558473	24158.14734220859	12339.63621024892	14120.316388194098	6545.289518395631	15123.173724020193	0.0	14504.89921501922	12817.661105672689	14505.571080413833	11452.601062876802	18772.089036628236	24566.014526049043	25870.995731170988	7525.034220502595	16117.846088816073	1809.3117092153686	15140.227654577762	13636.795329547464	16885.71736090568	23411.078420629063	16159.85272074354	20437.48930179086	21307.786614340395	19308.88176821759	12003.008588938663	14927.992846929357	12333.5177983054	20400.609875912894	19484.17900603238	10299.639126365659	17740.24059259782	13467.04664705326	14408.78425858776	21630.616809695734	10800.183423440767	21377.67268748156	11497.170327564778	18585.340386557695	14805.641570809094	15356.983345163182	25586.40748798025	22545.771789094946	18174.940903282517	16391.731567714578	23987.694321593164	27126.04684078848	14751.467771817152	5661.4969333088475	10732.522166535467	19942.50520407104	18322.364816020116	22184.80904872738	10822.450691158538	8662.920497077701	22849.373070913578	22200.126919229464	12968.12487496768	18815.423783525606	17800.968323942852	13472.338710458778	9442.864460104096	4842.731731982761	15946.776951554648	16250.965725436796	14148.288653704101	13091.763902997713	7881.591204185654	
23455.54927993158	13992.481792066383	10172.51186892434	17885.666756050625	23955.816795626994	4159.487020754308	6623.651345521101	8507.103334113352	21754.436658646544	3197.419441925306	6775.815120103246	8819.666079128847	15941.832735139797	23938.85652860227	4888.6402733161385	5582.616541790847	7979.270342865307	8463.47467998425	14504.89921501922	0.0	6636.766105563215	15128.507256677332	12650.953044219461	25161.046608836412	27315.354319862407	23863.52265717238	7362.991175787824	22223.81302828994	14426.068421665936	2086.4172120351	3278.182871279829	10820.146018737016	14351.94813822574	16603.925040010006	21353.915158617172	24457.419738664834	8233.329896317928	2519.0821442781844	5792.198349025797	14758.94035128001	18568.915281414033	16708.699164145823	11195.225670075113	17974.052958137836	9677.982315417255	12711.957709611326	23575.695061918013	7828.101600895211	18070.394749620013	12473.68269641203	13961.115209256892	19648.879015270577	17857.111287608328	25445.738493896006	27847.165484012756	21451.19940846147	9614.10212251928	28381.20135272421	25786.605970054705	10646.787267509437	10328.475625109302	4297.721790577635	7308.394107117598	4288.580277782435	21251.509529988718	4628.928776730646	11945.55016775608	20191.88380762159	10562.236823972335	11259.095591475056	13115.138105477226	22853.66701628801	17265.781359552206	5062.09880507395	9662.984566608064	11794.776306082367	13807.743890233356	3326.256962349999	7258.599574940961	9170.94023064711	
16893.099199144734	20104.414987901237	7484.8608992629015	11745.183959016886	17389.046892067086	10790.96348342517	3705.4088073414237	12547.634829598754	15562.193390397813	5580.442176951758	11164.355164384951	5035.40991414872	9389.64303020654	17475.915425200776	1897.1006364017387	1720.3325386442134	7332.91027101172	2712.709822396542	12817.661105672689	6636.766105563215	0.0	8513.905763478251	6350.229738674807	18803.968097761513	20681.443411284483	17706.91777915289	5833.167246802892	15934.829038245556	11920.57062906903	8675.389365114612	3396.3785876344873	5128.875252590063	20926.688627505522	9967.16946266015	14743.597956996255	17826.545696097874	14858.398350648864	5629.434929343762	2383.139202309767	8391.71662797163	12192.547016114962	10431.247238840891	5228.147225256214	11352.822126292716	3054.1211014559717	6079.627458439324	16944.88359198954	2241.156180944447	11999.960615553655	16162.126569746793	8011.474720177802	13287.044006582164	11289.779422004769	19002.20899443819	21301.88830763154	14854.284874780902	15526.685531632224	21770.23636013276	19544.056557282678	4170.636361471212	11270.743752131917	4178.698397423464	13878.211115177688	10538.477321972645	14821.59135992902	8314.972073024403	6599.452383988774	14055.923531412816	17176.80729370846	15735.876529248231	7521.91029097624	16385.494669539894	10895.173745518834	6162.01440432232	8747.325580487943	17194.19095461386	7292.030537990883	9412.929159438407	12398.868681429736	11434.306705924506	
9048.457995197821	28044.960142224874	10502.36874595111	4942.661388665437	8906.890212809209	19262.27493922642	9867.180340509503	19490.9870340694	9402.639136961421	13836.174467508945	18496.32235377461	8825.700702824834	2961.2015178886354	10067.156784846211	10256.635867078168	9896.58644058284	12533.244457201115	7629.735203957264	14505.571080413833	15128.507256677332	8513.905763478251	0.0	3335.8315527255013	10689.640294619978	12313.85286505487	11402.567247192848	11254.106533687387	8088.633010574952	12833.615825519662	17129.007706818	11910.26038709635	6791.256043521405	29291.438264681685	1778.4219711886678	6683.807934961954	9341.602956869161	23308.807578481687	13740.346445101268	10128.639268492721	2303.379263751876	5907.85832733735	5302.952739090793	4992.53311765599	3424.873117313183	5573.536446096403	2698.103856828265	8644.157689545544	7625.768253281165	7131.572698248713	22430.005256517346	5893.251727595368	5430.186546585803	2867.3840906290757	11587.43052034276	12834.686240582012	6345.5664332308015	23432.595436792824	13256.811327206047	12801.197168891013	5134.584152913154	16210.751950513977	11829.889948451135	22392.01698883491	19026.81703227302	7790.32780859387	15813.777520849027	6022.614686944436	8373.077197901606	25684.96838480556	22638.19021185504	6912.622790533903	8090.54857784891	3387.360293772997	13194.664088106283	12958.253091167677	24671.751526040505	3168.6046716352676	17666.99719348298	20009.94854036175	17374.754357487313	
12356.867620871084	24998.25338214446	7181.655104379816	5400.843378467348	11435.964477705213	16681.69426479445	6791.028589767408	16258.883547823501	12601.630362651305	11927.658166980087	15344.965574388585	5525.803507808351	5884.757117088922	13402.899044329024	7797.001841015073	7988.960253718387	9220.741197522972	6547.100721040787	11452.601062876802	12650.953044219461	6350.229738674807	3335.8315527255013	0.0	12519.907597219799	15370.894328388184	14652.861063858127	7987.8523300016595	9610.322564308572	9875.387149827216	14543.025570358821	9610.370956768023	6881.8255527932515	26497.559418192064	5113.657463106907	9970.434564706511	12254.566194514919	20656.262772108817	10951.912415005165	8447.265581006439	2111.8459472287527	9034.753661308694	8031.838584210499	1708.6225368499668	6760.6742398251145	4115.566401320743	3140.0227042885394	11799.131426231908	4840.256624982222	9925.2645364731	19113.868393153247	7483.677664891686	7000.973279350544	5453.185459361688	14921.970142646807	15266.036267896401	9063.576880668355	20399.174656562227	15970.241440569622	16112.930207274985	4607.2706169559615	12875.21209585638	8944.980639753117	19957.704261784045	16772.053497545483	11097.690071921837	12745.221917437046	2801.769988276341	11446.529935484316	23172.757994239648	19379.580662095177	8062.536896332726	10217.450068377875	4614.859405301663	10088.225110878979	9624.362082929467	21502.749769551465	4887.475582267338	14874.514382408994	16910.344835958775	14059.919071272889	
9277.928073229838	36757.407953892885	17524.631352653156	7388.105631356184	3340.960025130722	29144.349291415016	18976.524585556475	27516.84794419153	13356.272900892534	24327.473360050837	26987.55434530103	17151.40510422133	11839.015552189549	10925.695826911531	20316.89205071116	20355.681996813535	20320.088761406958	18300.604411537173	18772.089036628236	25161.046608836412	18803.968097761513	10689.640294619978	12519.907597219799	0.0	7533.041365958371	14017.354983766401	19547.483691778332	2986.229148624335	17017.93816135074	27013.94802533425	22121.956956605256	17366.253385283304	38725.339755874724	9981.51384414526	8408.37346020213	5362.728793061226	33056.95421237575	23338.156844723104	20689.828433435232	10426.668369528546	12154.89283312165	13345.359678938765	13988.461401312072	9665.158374199771	16107.946108200764	13386.052022401198	7134.99141998108	17333.970171457397	14193.01455678262	29500.205164405972	15621.663571312907	5521.823740230331	7849.842022165769	11517.794945316062	3873.8648641569325	5241.260695707093	32263.230070147656	5639.598885235279	13856.695641892198	15821.508959320916	22928.904634574654	21287.739227420247	32461.057419889592	29289.604009769148	11220.60157754083	24703.877759714796	13632.237851323538	13680.699022909754	35643.698243177125	30353.62888779896	16883.350753606774	2719.6399232155673	7914.756709409315	22058.03462169293	19914.994447324025	32906.82578822242	13446.831328931898	27204.63955256253	28671.25618534426	24743.38263005229	
4634.990640055708	40338.758068619034	21989.850517911294	11992.805645123104	5082.24059482418	31472.12399844437	22129.398916266888	31596.617266245987	8843.741655639456	25640.8376844456	30715.841026932118	20830.97327317855	11551.367001739929	5497.279392525596	22497.972112567477	21869.805773651788	24442.239693426745	19208.403370189757	24566.014526049043	27315.354319862407	20681.443411284483	12313.85286505487	15370.894328388184	7533.041365958371	0.0	8406.586044457395	23319.332994870463	8932.685129771398	22756.81683936371	29354.9515814702	24049.948026634615	17415.793822451596	41575.3102967231	10723.762128346698	6076.070734873953	3270.0970789822877	35539.36773366469	26046.846572820035	21930.035684831335	13438.811984838796	9842.23880546517	11711.333756525888	17076.52856586343	9363.136454260082	17638.04454744561	14603.397310314987	3748.939466473827	19939.105687974923	11494.773977440853	34222.93793137172	14678.900191978053	9761.109381675902	9952.94940109256	5164.391479168637	4732.6822264479415	6508.250324771715	35729.64814443692	3051.724846847224	7412.3587633834495	16775.49405096056	27739.864520886254	24143.250127392836	34482.20632752255	31007.38483885233	7488.489628778297	28090.523419133653	17516.660290500346	9953.421373282083	37813.3631789099	34675.13670885395	15958.00511216033	6997.600714219943	11411.424470662929	25446.89441530907	24510.65723347619	36870.86508634503	13683.937933389989	29966.929131178782	32272.104731360378	29217.740008406432	
4740.15195550849	37746.48422499128	21817.316597694356	14274.380308970307	10682.821237226495	27901.347060234533	20375.90282746064	30050.047889525424	2150.031348960747	21444.02634381208	28797.522066513797	19881.71877648054	8866.691944086377	3142.05928550845	19593.960430171934	18319.54263717258	23551.629623169774	15422.467387923374	25870.995731170988	23863.52265717238	17706.91777915289	11402.567247192848	14652.861063858127	14017.354983766401	8406.586044457395	0.0	22135.758349018182	13717.664945717961	24160.312396307752	25943.61410373937	20675.50861684103	13049.599499935483	38098.679773022704	9711.646125824836	6218.708772617252	8738.543173597807	31910.38474134618	23326.61982143117	18075.87344302173	13538.621193011317	5702.339740144461	7284.062949498834	16170.643802018421	8145.282911432179	14858.264090349287	12318.470592514159	6883.518839577166	17902.80057935882	5795.118707980613	33349.4982839927	9904.813938742993	12745.884850184662	10858.498055008557	3319.9594150297685	12698.082702143227	9694.791629133751	33203.762611688384	11380.597313254126	2038.2197002455737	13559.760132360425	27411.021406636595	21792.437051998688	30414.312200090062	26818.750635920653	3736.9275159191225	25965.13958004059	17412.468087194953	3672.835371513184	33748.7031352553	33253.42089621694	10854.77160486355	11994.487285850671	12863.45979716448	23569.969730446086	24202.77916920018	34890.25592208806	10620.709675818796	26977.70263885158	30098.72405079194	28335.67263574564	
20301.368019305297	17248.365468741413	2819.540404633485	12186.85692705509	19110.325524993306	10426.987595071747	2131.360908733368	8278.50436012071	20004.646494848395	8793.568710000798	7485.370510220786	2491.4490754259573	13296.736602228197	21250.309089563187	4918.186863017	6815.232523341485	1528.6371058432887	8471.807784325572	7525.034220502595	7362.991175787824	5833.167246802892	11254.106533687387	7987.8523300016595	19547.483691778332	23319.332994870463	22135.758349018182	0.0	16564.806326982107	7145.180522493534	8515.993744978745	6111.762404259909	10695.140819507926	19260.755970864815	13017.526566147211	17934.803737773327	20150.837120656288	13933.797222988274	4873.031849139357	7619.287097894793	9885.358436568651	16435.047713492062	14981.623842653507	6283.157401256319	14642.881015939067	7617.317827030528	9817.3052920599	19783.564166893968	4435.464793641468	16772.61411441554	11233.58950076878	13160.261058018352	14296.777054700638	13366.964938843665	22785.35246308462	22765.667779557934	16909.71851874405	12719.726639342116	23696.71449281527	23773.791824136173	9030.833113868699	5541.391985540893	3251.9405502118407	13886.038408249373	11524.399053220897	18797.257609996766	5199.017527396629	5963.067053444455	18644.903454477284	16723.007249542356	11392.424169130265	12973.349541387775	17642.405762273756	12116.587761654286	2680.8299803755613	2965.425830984262	13575.227055301175	11560.110102688526	8102.175852474261	9138.418298631988	6200.553485996585	
9164.498369574205	33783.70754999811	14579.3423395156	4403.222262824924	3862.9393226714114	26184.534200164795	15997.052858722996	24564.108486052537	12626.752903898661	21487.994006667457	24012.250842246085	14165.280652966061	9707.999534525892	10851.927601912232	17399.93336927868	17520.985064792025	17355.42642493442	15596.052905610832	16117.846088816073	22223.81302828994	15934.829038245556	8088.633010574952	9610.322564308572	2986.229148624335	8932.685129771398	13717.664945717961	16564.806326982107	0.0	14333.507198602505	24057.60395864182	19220.608076283395	14868.892779995802	35739.757309304434	7699.710656429982	7585.281704147332	5958.662778625338	30083.845272817925	20368.551446534868	17893.065846624733	7543.2688778405545	10690.712068920704	11534.177721371649	11035.423597458761	7785.351498905678	13330.52345828831	10747.304370921267	7182.075887431413	14396.239638036714	12690.338256755775	26627.34224337424	13454.320788840207	2691.2958085640007	5387.650713920434	11796.720888812068	6464.735086230763	4049.6063011780857	29282.452149906243	7882.220913936827	13994.658478336118	13162.013079256569	20051.368164077772	18315.522801825922	29515.823328535884	26378.494038869423	10411.537843379532	21718.013866774792	10646.011810360214	12606.23475815503	32683.765411225744	27428.912885047655	14658.472990227245	1969.5035246597226	5051.62611495334	19071.805726996412	16994.65726605692	29952.71851105085	11051.663006718116	24226.62496449079	25692.448264745715	21824.012389975658	
21036.91992279228	21338.905359717864	4545.0086293207505	10784.972620805951	17832.069332024785	16968.62725369237	8682.135693644565	12025.26729126692	22217.86668911633	15897.684520977662	12237.291080204164	6885.953931690518	15677.700888477717	22393.697985724437	11692.672203935388	13351.572956712578	6500.743631603661	14050.11912269938	1809.3117092153686	14426.068421665936	11920.57062906903	12833.615825519662	9875.387149827216	17017.93816135074	22756.81683936371	24160.312396307752	7145.180522493534	14333.507198602505	0.0	15298.503953890531	13160.036676756472	15646.957783732696	24352.61957604688	14456.777883064873	18663.300116695966	19498.476737347173	19912.390461369785	11907.522868748478	14147.989203987438	10624.970677432402	18739.94780657414	17895.46344845595	8851.412120302082	16019.14527301427	12221.999657242712	12905.64982498095	19829.365783096902	9789.097517730866	19786.77895901589	12932.441243580233	17153.444184606782	12996.350903117302	13582.20584984531	23812.649124470423	20772.919247513266	16367.884574669471	17354.91917805497	22196.002360796425	25381.55496729869	13444.291040833245	6708.036993992069	10394.973088800094	20348.096157680506	18436.538353061434	20460.136567287747	11181.302412500107	7126.020668286292	21199.210422299664	22800.334999949802	14240.511228202373	17465.774076267277	16001.001355736335	11682.39998930036	9420.80069567475	4960.868700896895	17147.620743051055	14728.566110837886	14486.148752226054	13922.524876917438	8886.74805239299	
25528.475152025272	11975.476436740777	11320.065918160955	19687.645524898664	25912.468792702835	2140.616941488683	8200.095727989023	7494.679036681975	23837.08964011681	4934.586846304543	5774.399811231304	10319.351161083367	18014.226576023015	26022.846566669727	6872.611856623367	7668.671089310787	8803.537231003536	10549.45994088082	15140.227654577762	2086.4172120351	8675.389365114612	17129.007706818	14543.025570358821	27013.94802533425	29354.9515814702	25943.61410373937	8515.993744978745	24057.60395864182	15298.503953890531	0.0	5352.589390745486	12896.686801057403	12273.389939192726	18635.22774229903	23412.430164803252	26467.983440681965	6185.152221194673	3779.217185082037	7868.351200986432	16654.871313532043	20654.979019937906	18794.964529626042	13025.505599346912	20026.336711966243	11726.388286516745	14754.95984929987	25620.063226750077	9702.781308481832	20149.48475115875	11376.223437759441	16039.655866744517	21519.60812615358	19823.03128209463	27530.81490385215	29786.830254015567	23430.519913608845	7700.567828712084	30367.01070841058	27870.209970342697	12722.808487892742	10389.004386760293	5821.277992941399	5495.386989661805	3190.99056576297	23336.589455831236	4469.127482752743	13620.051633243	22272.704465732648	8632.054947288829	9894.350290755137	15176.509898651044	24760.312455333573	19149.516436720423	5925.794005062894	10376.29714079503	10042.189615172103	15883.725689588035	1733.3789696249241	5806.945723792967	8852.350456998936	
20178.023268066503	17083.969984530755	8637.083506241921	14951.773383775064	20779.199672004248	7435.89099773144	4550.778917832033	10434.72992812762	18553.174821031524	2776.945166512343	8838.744851670635	6685.874280032869	12664.050991260894	20675.03287442556	1869.7290086691696	2356.698056609161	7266.101504533388	5253.199903981393	13636.795329547464	3278.182871279829	3396.3785876344873	11910.26038709635	9610.370956768023	22121.956956605256	24049.948026634615	20675.50861684103	6111.762404259909	19220.608076283395	13160.036676756472	5352.589390745486	0.0	7679.551539771982	17625.79349506874	13349.081772657744	18077.99850847897	21218.573871231296	11510.555012954326	3064.26467775934	2743.9502316149033	11695.29063849624	15318.334224672888	13476.287798833642	8286.158276137488	14701.716181823711	6413.127488701124	9449.005606533452	20307.503462421635	4921.557807145496	14893.547046083364	14310.379640854666	10795.618679172516	16600.13331375809	14678.266719665675	22186.346755284743	24687.51515972888	18249.636815725364	12587.5580380414	25166.593179534553	22576.820999132695	7370.472756771853	10630.309729457163	2993.6644582457434	10481.8391022081	7171.591597351668	17992.592280499353	6103.288783390013	9314.960699838024	17002.938451563976	13783.897090163637	13493.61193299023	10035.661890591773	19744.59768070518	14207.42429534938	4895.915009847855	8957.90547755521	14522.83780500295	10531.489024110264	6308.235752149561	9776.124441588518	10130.506362382575	
13132.028214419175	24759.040715014908	11675.928614389773	11488.52118703649	15168.886172940973	14855.679782862151	8598.04190471459	17645.434245246794	10954.548348031765	8479.51767517805	16208.280225690409	9191.483056532348	5940.430070136599	13358.119086991042	6870.803396001051	5331.263567179764	12223.688946911074	2488.6194762057326	16885.71736090568	10820.146018737016	5128.875252590063	6791.256043521405	6881.8255527932515	17366.253385283304	17415.793822451596	13049.599499935483	10695.140819507926	14868.892779995802	15646.957783732696	12896.686801057403	7679.551539771982	0.0	25064.80603395645	7437.010096027933	11343.60495488652	15010.184500486856	18880.577785375808	10506.148296944575	5028.500176775295	8077.41075515592	7950.752202538235	6021.169964975046	7039.45064705498	8262.96183233001	3426.0659554284816	4257.761827816806	13710.381982580486	6332.382900895634	7254.501992539143	21290.521404096246	3145.103310965288	12221.150065669282	9532.835686648852	14818.062741761147	19049.253590531895	12564.081450114381	20265.0613559512	19081.29150385474	14991.931902390283	2315.0203202475	16229.198335154073	9287.59059448023	17477.525860357684	13900.97160862319	10656.515664114368	13363.532386816105	8883.249091970909	9381.771364992304	20828.25822430181	20819.20428772019	2405.9711440628507	14691.70227908654	10091.585066088008	11290.863447812519	13441.960337812967	22125.410596593483	3964.686641992722	13984.459634998031	17339.309980805643	16539.351044172985	
37800.915220300005	4517.538498175064	21662.890213399685	31337.280355071824	37933.499222912666	10222.308550045333	19781.255559564826	12384.87414007684	36017.80951864592	16679.481889074203	12180.447938246243	21585.659746359153	30286.773916072696	38286.77350940388	19082.561454448827	19927.706855528617	18768.480516039326	22787.19375353899	23411.078420629063	14351.94813822574	20926.688627505522	29291.438264681685	26497.559418192064	38725.339755874724	41575.3102967231	38098.679773022704	19260.755970864815	35739.757309304434	24352.61957604688	12273.389939192726	17625.79349506874	25064.80603395645	0.0	30852.384757898766	35670.14943912981	38626.17132306241	6188.929224362835	15567.46958545701	20064.988564658954	28589.922828951727	32905.87293443972	31027.21640134869	24874.754388151585	32276.823895025304	23980.804102826307	26997.75809850606	37852.883437204284	21715.05132917969	32308.442850058527	13248.045499899416	28206.669373606488	33335.00979543886	31897.004135633055	39789.211249688364	41743.48982811277	35520.57386212802	7019.3595237433565	42453.05346695806	40055.48123765893	24996.177698492225	17751.5506125171	17552.59620205987	7948.827268586076	11454.406407707733	35595.62929468151	14062.37643528254	25096.787253207553	34440.203489463966	5032.65211480615	11103.080033122467	27257.948966732376	36648.51682492272	31025.266746321	16677.156106129776	19724.82222922726	8149.2674197161305	28157.11421963021	11634.46747207625	10461.012218364955	15531.478207495702	
7285.413629471441	29714.537672575418	12271.466997947258	5517.611184625915	7763.020502946033	20756.823561261986	11580.952489052266	21238.23408835822	7768.205998037997	15097.254599775919	20215.39907765074	10598.907359649249	2074.9471894974818	8289.337076779195	11774.360870366603	11226.609104456164	14307.921157068096	8730.774998014384	16159.85272074354	16603.925040010006	9967.16946266015	1778.4219711886678	5113.657463106907	9981.51384414526	10723.762128346698	9711.646125824836	13017.526566147211	7699.710656429982	14456.777883064873	18635.22774229903	13349.081772657744	7437.010096027933	30852.384757898766	0.0	4943.681153172312	7889.4823697296115	24820.335141225194	15340.900981136769	11367.668009050345	3831.946530988824	4403.095111743653	4271.625225311737	6767.704677976211	1647.7064691663984	6939.038911697119	3907.4256612138233	7005.163012951364	9280.314754506313	5922.952983959471	24204.588579703915	5756.328180731872	5250.914677649328	2361.1688397385174	9809.008784379172	11675.893945540602	5152.109971109318	25101.066132768803	11900.181389524505	11051.494218659287	6221.628647490563	17987.633773706464	13474.465404942375	23813.299059076846	20386.76516089003	6052.48228118549	17507.09708965735	7770.949778779932	6868.410037955313	27130.070433314362	24393.619021782775	6962.899460352347	7280.781570151592	3866.116982370756	14906.699211816507	14733.722807308362	26392.768367075274	3480.2207273763534	19252.15887105804	21708.150130931037	19149.350800305754	
2410.779156534441	34637.46692862862	17015.793739750097	8251.17533666776	5170.20441280742	25513.233624703786	16524.551452588297	26174.035481426257	5056.3583620512	19583.57393115273	25159.02428038567	15492.562506125203	5484.516751591268	3766.012526327562	16595.752140051944	15855.557774963521	19191.16161616975	13151.415225393617	20437.48930179086	21353.915158617172	14743.597956996255	6683.807934961954	9970.434564706511	8408.37346020213	6076.070734873953	6218.708772617252	17934.803737773327	7585.281704147332	18663.300116695966	23412.430164803252	18077.99850847897	11343.60495488652	35670.14943912981	4943.681153172312	0.0	3995.1000337037212	29587.15087749483	20222.15341720935	15883.972445656276	8331.183963455851	4112.273370335123	5801.992588939355	11659.693196911749	3402.049178914582	11689.50149242689	8679.401866122023	2381.796457284206	14209.031445907902	6060.360933491484	29082.61823370189	8684.370167078614	6553.929904950767	5081.158127081381	5149.371279446507	8406.065911635807	3535.771475850501	30024.61218342523	7952.753092319747	6894.263405614818	10748.2467789099	22777.900866458316	18391.1234538033	28463.70255482583	24966.620495379284	2853.9243263956723	22445.475304088253	12468.839118653483	5275.435719569079	31803.616269610273	29321.673825423433	9982.588147864002	6022.810596071721	7018.713827737826	19849.950508775677	19515.456677453538	31336.417871381356	7626.155295599432	24111.802185675457	26647.41247087912	24029.640040815324	
4024.5388634184806	37252.57609710966	18748.3283492858	8725.922250796739	2181.054915212103	28599.034807002743	19041.107310625903	28419.709996558224	8357.172445520277	22976.672352782192	27582.83928849784	17659.523350293064	9069.992174789686	5609.42936719623	19595.443540299075	19116.005067935654	21238.911779821912	16578.127869215314	21307.786614340395	24457.419738664834	17826.545696097874	9341.602956869161	12254.566194514919	5362.728793061226	3270.0970789822877	8738.543173597807	20150.837120656288	5958.662778625338	19498.476737347173	26467.983440681965	21218.573871231296	15010.184500486856	38626.17132306241	7889.4823697296115	3995.1000337037212	0.0	32649.49080167302	23064.32003018501	19247.47976171707	10267.264060356454	8107.136850092703	9757.866721409247	13949.624657399852	6754.206964417577	14819.698908401051	11795.00114742366	1937.9750696459555	16925.05141557243	10033.364500128027	30986.326769546027	12553.329705151828	6502.98370181741	6803.193895378053	6160.435135397158	4427.986989827065	3261.1233067359854	32651.568547347688	4071.4861440773316	8494.149665587165	14087.499828525775	24488.456540784606	21120.36112131567	31693.58174433803	28276.13959797457	6410.941175185918	24999.219164302136	14300.390179631808	9001.14995900547	35002.40197786747	31476.824089464604	13860.706095994743	3989.8192285634245	8161.7898439041155	22342.57418244172	21266.919656507176	33720.509567604895	11119.796735878725	26995.583773354538	29162.763448315727	25993.86634028215	
31682.105472485735	7196.034721492118	16571.167642572662	25689.72459063193	32062.47195915109	4074.8487057601183	14097.479228292104	8889.441888986721	29831.747928112884	10494.360848990442	7912.1456845528555	16072.42956182598	24170.253490042884	32131.287034186513	13054.883356602888	13781.459418696844	13753.217322678558	16622.639515001218	19308.88176821759	8233.329896317928	14858.398350648864	23308.807578481687	20656.262772108817	33056.95421237575	35539.36773366469	31910.38474134618	13933.797222988274	30083.845272817925	19912.390461369785	6185.152221194673	11510.555012954326	18880.577785375808	6188.929224362835	24820.335141225194	29587.15087749483	32649.49080167302	0.0	9722.119203683786	13890.966916893529	22765.33677010577	26741.10455586302	24854.069967820655	19090.873276410686	26205.55700628239	17906.84805148921	20937.862744240854	31803.149233136213	15824.687348318414	26121.026330352066	11490.75065521967	22020.950627643022	27593.766025411558	25983.75147377455	33627.67570727357	35919.97655815294	29597.666667952202	4862.029240759396	36535.93338691726	33869.36024335212	18872.661510033184	13799.01657693541	11769.22042416012	2326.548471443094	5383.469269245099	29435.982868189327	8866.63812233805	19514.625156915194	28253.1097460693	2892.266933084392	9322.031210853134	21069.084614032912	30866.197429114665	25242.42517927549	11258.603318716736	15010.451009818813	7552.801111927879	22032.23813001417	5881.281591137337	6504.521603481643	11689.96517252936	
22435.393003316163	14484.699293863414	7691.454176447546	15980.75128168657	22380.641631092592	5850.409727092514	4429.934168368809	7370.543923437352	21184.575154663235	4780.760582039727	5788.888094767742	6541.14442848729	14967.448444476535	23079.19899496565	3734.723632015706	5229.468182041106	5466.625360977266	8022.090230395854	12003.008588938663	2519.0821442781844	5629.434929343762	13740.346445101268	10951.912415005165	23338.156844723104	26046.846572820035	23326.61982143117	4873.031849139357	20368.551446534868	11907.522868748478	3779.217185082037	3064.26467775934	10506.148296944575	15567.46958545701	15340.900981136769	20222.15341720935	23064.32003018501	9722.119203683786	0.0	5760.272932625738	13056.128163271309	17820.089391166122	16057.489445205885	9369.652306040021	16820.13013720949	8612.099044456789	11552.998733782777	22345.08122665098	6147.820597215941	17593.660098233046	11253.9788137261	13547.546612906306	17871.80630524756	16330.449115981079	24610.228204411993	26217.12613735245	19953.620849095765	9898.59210262742	26887.845959223887	25172.612549387322	9799.302405654897	8093.585773240916	2059.614684720198	9268.775354411167	6661.41976058578	20438.230568441897	3041.8689694670547	9859.802944080962	19668.03102205958	12333.050003560626	10444.154164971793	12901.995338336334	21149.83753278528	15523.961803026828	2569.0634030227434	7160.491592204705	11622.221750976018	12900.148846858126	3933.0179885077155	6833.188072092222	7260.093200554445	
17872.51719876078	19753.63638135942	9641.989890200333	13834.408986635259	19024.499828003743	9845.07929831261	5604.83744636487	13110.141637714232	15973.244654474387	3729.6895824672233	11549.156938280597	7282.582547514535	10405.154938362173	18251.405916674714	2739.128588024362	809.2604458784041	9016.972331835084	2749.428331973905	14927.992846929357	5792.198349025797	2383.139202309767	10128.639268492721	8447.265581006439	20689.828433435232	21930.035684831335	18075.87344302173	7619.287097894793	17893.065846624733	14147.989203987438	7868.351200986432	2743.9502316149033	5028.500176775295	20064.988564658954	11367.668009050345	15883.972445656276	19247.47976171707	13890.966916893529	5760.272932625738	0.0	10387.15853317243	12853.225615935768	10963.310863470502	7509.1965624773375	12575.142498391831	4584.564433370754	7491.517770641326	18182.16937861636	4616.810658866006	12281.344364517181	16936.25915468075	8171.429214949233	15212.8805358225	12984.050824997605	19740.957198176016	22955.100633009326	16438.351501590452	15294.796669759347	23267.66761432512	20008.625690355126	5164.64357917052	12749.566293099424	5102.426082300453	12601.515329156762	9082.894729790058	15552.330989242157	8768.954443637138	8964.593320101738	14405.785663118932	15950.986903983458	16204.248822747972	7336.535340685831	18177.46213911606	12843.389549115045	7181.626726826195	10584.63266725069	17265.387862024618	8259.032331060978	8990.715143608484	12519.51868989129	12542.943351476799	
10741.823040287918	27018.894674481984	8697.177485594513	3506.5476542996203	9350.78534656434	18793.5129645559	8844.589567304945	18159.554525518393	11597.465177535827	13948.38847107976	17320.59861482349	7394.815172518375	5262.8569363022125	11939.05085790181	9896.110942784198	9985.914195660787	11013.49768722679	8251.786736636224	12333.5177983054	14758.94035128001	8391.71662797163	2303.379263751876	2111.8459472287527	10426.668369528546	13438.811984838796	13538.621193011317	9885.358436568651	7543.2688778405545	10624.970677432402	16654.871313532043	11695.29063849624	8077.41075515592	28589.922828951727	3831.946530988824	8331.183963455851	10267.264060356454	22765.33677010577	13056.128163271309	10387.15853317243	0.0	8166.082624329336	7598.60826197252	3725.563559956311	5410.062255587818	5881.890340082109	3852.726382008582	9964.009510861795	6952.10118086236	9434.664992889917	20851.714825301162	7869.9834107987135	4904.845134580921	3487.5160405973897	13419.683188472807	13161.412666307457	7037.386359718818	22430.48621581343	13904.745494628663	14821.657907023862	5997.3675703570425	14469.29394587967	11040.186463529151	22066.603453828244	18863.712954713337	9854.74369154177	14775.281990346055	4150.835808650201	10637.907247599687	25284.4786714494	21238.6732544759	8726.642741544138	8105.667566248792	2512.4219414119434	12109.117507333696	11208.504708577173	23453.27036475706	5087.50615154018	16974.082895438834	18914.86281405734	15817.608388652088	
5307.66409795661	32295.65982258253	16159.043750892422	9703.290857813956	9107.246162138308	22683.901172273767	14697.139342618297	24393.983273550486	3589.2208974543996	16420.424495996933	23181.251788148133	14182.977433527314	3177.499318650311	5409.270242845358	14089.573176642021	12986.322488149832	17849.37091181186	10119.232866584223	20400.609875912894	18568.915281414033	12192.547016114962	5907.85832733735	9034.753661308694	12154.89283312165	9842.23880546517	5702.339740144461	16435.047713492062	10690.712068920704	18739.94780657414	20654.979019937906	15318.334224672888	7950.752202538235	32905.87293443972	4403.095111743653	4112.273370335123	8107.136850092703	26741.10455586302	17820.089391166122	12853.225615935768	8166.082624329336	0.0	1944.8059576450512	10499.14801379868	3192.354068494669	9252.169380680005	6618.634728332742	6393.855017835557	12232.186188978943	2038.3423428514957	27654.172134050106	4951.260584515116	8818.01665393576	6223.142655252494	6887.795724102559	12514.654132320633	6935.810071851154	27718.57091089431	12018.637939930457	7394.203868959764	8022.025323192409	21717.075446991934	16198.421160605221	25411.8806742301	21844.534499238838	2706.6020122224754	20364.695609565664	11824.824588023897	2472.455370375486	28764.17715159981	27594.39560799618	6178.728315310991	9542.474007171302	8100.775133493791	17921.459748956167	18519.383678877177	29307.857341503943	4964.843377594747	21569.535253765338	24528.698421404635	22635.414789790208	
7231.143522089389	30506.814643614765	14961.22040198799	9788.22175437933	10501.006190248894	20805.525222664222	13146.769606433587	22783.8656072452	5135.317260537782	14498.63170776364	21515.390257059524	12837.963792283957	2348.990297170811	7339.407382612636	12322.865009101804	11131.11366712253	16437.889488767378	8246.068820766659	19484.17900603238	16708.699164145823	10431.247238840891	5302.952739090793	8031.838584210499	13345.359678938765	11711.333756525888	7284.062949498834	14981.623842653507	11534.177721371649	17895.46344845595	18794.964529626042	13476.287798833642	6021.169964975046	31027.21640134869	4271.625225311737	5801.992588939355	9757.866721409247	24854.069967820655	16057.489445205885	10963.310863470502	7598.60826197252	1944.8059576450512	0.0	9320.041328225536	3750.8010967268033	7581.0945304403585	5241.306237869369	8160.062040623997	10666.838820542755	1893.509291533907	26144.72511789826	3009.2819285696655	9343.371288857757	6514.010836623611	8797.859469661571	14101.701750402635	8115.477406947216	25946.991981481624	13754.489759039127	9118.09241434819	6276.241647380952	20373.50097279633	14508.710091582223	23494.676056000808	19921.444420783402	4640.685023055081	18681.433338236595	10824.95446251157	3677.044579039538	26846.281710553416	25988.154145630466	4255.606060594497	10653.59246068381	8135.59535685751	16302.427395367473	17232.314798311796	27606.885227989806	3426.559069845018	19755.41444168169	22816.343638814433	21163.83401046872	
14037.347909386373	23308.151804658566	5663.460009639724	6693.051741969324	13075.552607380167	15156.421809670957	5119.115238426978	14551.079052755018	14086.063638899475	10765.351051674274	13640.349007682564	3834.221887134042	7322.209879046069	15044.93899562798	6428.514076100745	6938.532697056969	7540.715959658779	6088.097694931492	10299.639126365659	11195.225670075113	5228.147225256214	4992.53311765599	1708.6225368499668	13988.461401312072	17076.52856586343	16170.643802018421	6283.157401256319	11035.423597458761	8851.412120302082	13025.505599346912	8286.158276137488	7039.45064705498	24874.754388151585	6767.704677976211	11659.693196911749	13949.624657399852	19090.873276410686	9369.652306040021	7509.1965624773375	3725.563559956311	10499.14801379868	9320.041328225536	0.0	8407.955380226173	3770.014683646671	4129.642512120658	13507.384797902916	3382.1088279370388	11202.340929734533	17437.486936958583	8303.453624068232	8503.640490054355	7146.437861408656	16571.198012105262	16868.96380260735	10743.957949765327	18713.88156478878	17629.41651424061	17692.634864168387	4739.075599273235	11265.162122229427	7336.113715334741	18480.704682462678	15388.017150794838	12681.235051490934	11058.16825585518	1844.487609071661	12856.013158316688	21655.55828760878	17675.580030806486	8647.612226623172	11784.3232955517	6157.173077777195	8395.819619655795	8035.923681508157	19795.428608884824	5983.707876525637	13272.136067205254	15213.202226108695	12382.229541553923	
5680.384010914111	31241.55922987316	13917.978511648791	6520.682443839113	7028.311042943446	22133.37244118131	13162.651393025983	22844.328049428645	6278.663042754845	16294.38471704825	21794.171605111813	12235.647381797295	2335.0952392000813	6642.299135491125	13198.070927177076	12506.880648316837	15945.87741366141	9868.779216945044	17740.24059259782	17974.052958137836	11352.822126292716	3424.873117313183	6760.6742398251145	9665.158374199771	9363.136454260082	8145.282911432179	14642.881015939067	7785.351498905678	16019.14527301427	20026.336711966243	14701.716181823711	8262.96183233001	32276.823895025304	1647.7064691663984	3402.049178914582	6754.206964417577	26205.55700628239	16820.13013720949	12575.142498391831	5410.062255587818	3192.354068494669	3750.8010967268033	8407.955380226173	0.0	8300.002998505288	5280.428445334413	5614.508623654767	10820.952483531151	5027.817612435493	25841.6669161077	6022.980950520056	5690.042177083328	3031.1750413975674	8164.148274549303	10832.6235718935	4499.102535169688	26629.332776146806	10822.628422170472	9422.619878859095	7414.721454614263	19635.177799545305	14994.816651715177	25119.56136668461	21646.825058700986	4444.945884197925	19063.866187001033	9410.772064938996	5556.9242558430915	28452.520070745955	26007.65003092551	7317.163494316144	6953.2949281047095	4940.1233432443305	16482.78551665973	16381.429261762989	27970.97531401388	4371.137787433372	20710.784265356644	23266.338635996093	20786.74140742355	
13846.995388871579	23095.095546886238	8298.032379656817	9376.515501511274	14480.425420064108	13836.218109985028	5641.255511527347	15204.948689913164	12708.237941565354	8268.28283987542	13941.171673945688	5850.788625387384	6357.013860778907	14467.856258745298	4920.831919782421	4323.497625424694	9130.600988307178	2432.4211716267605	13467.04664705326	9677.982315417255	3054.1211014559717	5573.536446096403	4115.566401320743	16107.946108200764	17638.04454744561	14858.264090349287	7617.317827030528	13330.52345828831	12221.999657242712	11726.388286516745	6413.127488701124	3426.0659554284816	23980.804102826307	6939.038911697119	11689.50149242689	14819.698908401051	17906.84805148921	8612.099044456789	4584.564433370754	5881.890340082109	9252.169380680005	7581.0945304403585	3770.014683646671	8300.002998505288	0.0	3035.888716588224	13897.719619438903	3185.9818497960932	9272.164690714215	18623.47728987364	5542.983604989059	10644.275923096826	8412.737217682938	16000.20860466438	18407.77547598271	11912.537301940147	18500.34959921122	18795.36777001388	16639.348617644195	1413.7361042392351	13141.521040261972	6946.763816720906	16875.140893270815	13468.563220324177	11836.286322055124	11115.801724771101	5581.841397652214	11251.555750965976	20191.18760411956	18409.280922317997	5449.695834982727	13594.593734610324	8290.139838652189	8724.193951680141	10199.882625882397	20056.271397175442	4298.907269895039	12450.11576173232	15276.772628728584	13702.353371258254	
10885.952874100458	26005.14007838863	9729.998396135416	7230.7675532772955	11539.942410549478	16869.055889036623	8105.250474166422	17821.702622338857	10188.755758835581	11216.416506011274	16671.41788405145	7606.433777136424	3512.6911208804363	11611.475693142878	7917.665891898506	7322.2696311242835	11242.128838630193	4937.314185058037	14408.78425858776	12711.957709611326	6079.627458439324	2698.103856828265	3140.0227042885394	13386.052022401198	14603.397310314987	12318.470592514159	9817.3052920599	10747.304370921267	12905.64982498095	14754.95984929987	9449.005606533452	4257.761827816806	26997.75809850606	3907.4256612138233	8679.401866122023	11795.00114742366	20937.862744240854	11552.998733782777	7491.517770641326	3852.726382008582	6618.634728332742	5241.306237869369	4129.642512120658	5280.428445334413	3035.888716588224	0.0	10865.296117132997	5668.239185981974	7103.6298615416235	21036.39518444259	4343.789575130886	8067.089146452919	5561.129074364525	13151.544428910027	15470.53403369539	8948.048003932776	21397.430359494403	15789.637827055152	13981.103158332373	2436.4803081241716	15147.267109908615	9771.756276776166	19906.590817598793	16481.820709291296	9051.683011085765	13892.741315284453	5780.218613081645	8858.669794970101	23225.721611498346	21015.000606152505	4986.346368750398	10786.46579458591	5857.686477749685	11374.82942284449	11992.275648259398	22833.10563117737	1855.1708851410783	15433.12578702406	18088.126729307278	16017.266446631676	
2143.377103074206	36689.004226704914	18631.154046842767	9094.276624965647	3807.999584108448	27733.754817337307	18502.195725746784	28057.84589761499	6419.360899297071	21895.000871108175	27118.967592219447	17307.83505012226	7815.398109575191	3801.673556621574	18771.012720245762	18121.379742948833	20966.79457265312	15463.337546121133	21630.616809695734	23575.695061918013	16944.88359198954	8644.157689545544	11799.131426231908	7134.99141998108	3748.939466473827	6883.518839577166	19783.564166893968	7182.075887431413	19829.365783096902	25620.063226750077	20307.503462421635	13710.381982580486	37852.883437204284	7005.163012951364	2381.796457284206	1937.9750696459555	31803.149233136213	22345.08122665098	18182.16937861636	9964.009510861795	6393.855017835557	8160.062040623997	13507.384797902916	5614.508623654767	13897.719619438903	10865.296117132997	0.0	16262.745361646295	8242.301480947359	30815.56128864435	11064.204416418459	7033.02595055221	6500.73583958506	4614.861864546647	6302.4042963427455	3559.3461757532277	32076.4491198656	5625.660982069244	6850.969339100965	13026.613817209489	24404.868753384137	20464.586290609313	30734.00461041597	27258.642584525045	4497.611424370153	24455.550133678957	14102.16343441552	7093.269282953134	34066.195656667216	31170.259264342083	12360.552222028846	5297.218058440588	8195.844517056828	21827.859354717195	21151.204801768476	33288.30954100112	9941.058487895674	26257.28432282278	28648.744780816058	25780.573241705984	
16490.696332783267	20434.269986155483	5477.034370390609	10073.045547587193	16241.78832543503	11841.492628547148	2480.3878577142327	12164.13736629303	15757.107291982207	7491.732369213185	11005.890912734016	2965.981627640048	9178.202116784516	17275.21031568592	3055.06011282592	3904.1585313612422	5954.866937931087	4330.345959240395	10800.183423440767	7828.101600895211	2241.156180944447	7625.768253281165	4840.256624982222	17333.970171457397	19939.105687974923	17902.80057935882	4435.464793641468	14396.239638036714	9789.097517730866	9702.781308481832	4921.557807145496	6332.382900895634	21715.05132917969	9280.314754506313	14209.031445907902	16925.05141557243	15824.687348318414	6147.820597215941	4616.810658866006	6952.10118086236	12232.186188978943	10666.838820542755	3382.1088279370388	10820.952483531151	3185.9818497960932	5668.239185981974	16262.745361646295	0.0	12411.863263532576	15480.744950432772	8727.019713435424	11825.918038926082	10182.739202676059	18815.75283926901	20095.84192418628	13805.801185052718	15820.794740630205	20740.508461532634	19621.18907682218	4598.066127233734	9969.810490114021	4204.165284807745	15127.797332582044	12006.12556925288	14717.66431909883	8245.77466949291	4468.612915183893	14343.564508496063	18332.998904370357	15362.859784966242	8555.9870034523	15057.65650333911	9449.166687629782	5706.6690585652805	7109.6728701731245	17173.45567514952	7282.090937310543	10080.640024374903	12447.665893801299	10528.930970257123	
6866.003885495219	31973.82370551028	16832.73516598792	11406.074465275491	11127.830625208857	22107.152331640144	14890.377425274262	24462.05886630351	3718.9571643510535	15668.1382648411	23146.853250425353	14676.365987834055	4173.199668240913	6539.359417375014	13871.30393483495	12536.851077078018	18244.525233900753	9641.325577451193	21377.67268748156	18070.394749620013	11999.960615553655	7131.572698248713	9925.2645364731	14193.01455678262	11494.773977440853	5795.118707980613	16772.61411441554	12690.338256755775	19786.77895901589	20149.48475115875	14893.547046083364	7254.501992539143	32308.442850058527	5922.952983959471	6060.360933491484	10033.364500128027	26121.026330352066	17593.660098233046	12281.344364517181	9434.664992889917	2038.3423428514957	1893.509291533907	11202.340929734533	5027.817612435493	9272.164690714215	7103.6298615416235	8242.301480947359	12411.863263532576	0.0	27888.672679871015	4109.942375893551	10716.706719027254	8002.768024921419	7852.779238676827	14458.15101354163	8973.099346579607	27446.38326423364	13853.134155568638	7752.145758995095	7912.521321304599	22200.724733259332	16136.009923764923	24653.200334368667	21060.6174375752	4026.6109838792854	20301.99780806332	12718.3240014831	2132.9990320334055	27994.61689173904	27665.070015598794	5100.072941634192	11578.338513754468	9766.65448025319	17987.12855507831	19080.74290567986	29192.84715320207	5264.278677436575	21200.075365797235	24396.91071511856	22934.790099196267	
31470.4889800147	9250.479701535758	12239.240843376188	22507.370162723815	29691.53837354652	11322.137274568124	13000.470814414486	3967.717385629644	31211.316121897507	15622.647945239565	5699.503873641576	13606.095861011	24527.17076253984	32467.837179335005	14486.275729566874	16308.157053895475	9896.777720441072	18839.041344371763	11497.170327564778	12473.68269641203	16162.126569746793	22430.005256517346	19113.868393153247	29500.205164405972	34222.93793137172	33349.4982839927	11233.58950076878	26627.34224337424	12932.441243580233	11376.223437759441	14310.379640854666	21290.521404096246	13248.045499899416	24204.588579703915	29082.61823370189	30986.326769546027	11490.75065521967	11253.9788137261	16936.25915468075	20851.714825301162	27654.172134050106	26144.72511789826	17437.486936958583	25841.6669161077	18623.47728987364	21036.39518444259	30815.56128864435	15480.744950432772	27888.672679871015	0.0	24086.09484989999	24749.057139982735	24323.654407735663	33999.3858755379	33066.506774693196	27725.743218369676	6882.7304804653095	34247.792084430854	35005.83802993388	20008.776021021047	6576.061162357893	12021.282616267088	13247.975182016518	13843.764744715305	30030.540432710575	8212.924140686357	16720.063772350237	29820.005300785455	13970.538916586947	2237.106875895232	23682.507929884618	28031.77525583122	22826.360051865508	10000.757244881497	9726.166674480033	5108.21958385367	22742.493319923193	9646.566782975371	5737.196852610733	5055.265113706948	
10236.895121629372	27879.481071984424	13648.492358434114	10830.046597613233	13045.4154562265	18000.19639741949	11161.724649065978	20548.506709774985	7811.17723284805	11591.638343661261	19174.544255278597	11298.496191670027	3783.8767246697753	10316.186752192842	9849.22059949633	8439.756160905166	14672.831452616345	5550.71807705364	18585.340386557695	13961.115209256892	8011.474720177802	5893.251727595368	7483.677664891686	15621.663571312907	14678.900191978053	9904.813938742993	13160.261058018352	13454.320788840207	17153.444184606782	16039.655866744517	10795.618679172516	3145.103310965288	28206.669373606488	5756.328180731872	8684.370167078614	12553.329705151828	22020.950627643022	13547.546612906306	8171.429214949233	7869.9834107987135	4951.260584515116	3009.2819285696655	8303.453624068232	6022.980950520056	5542.983604989059	4343.789575130886	11064.204416418459	8727.019713435424	4109.942375893551	24086.09484989999	0.0	10978.977001024103	8101.534702254698	11744.601136779274	16797.315250219966	10518.173177382994	23366.333862844236	16599.732597686387	11848.839294811454	4129.439588118129	18681.603928168366	12184.41109061303	20587.934802016855	17001.965418291154	7629.6243689865605	16324.776450339406	10056.940001904837	6236.725857702319	23935.262535040547	23742.43821343153	1308.1913627245463	12902.142757296277	9236.225834477516	14109.1920218065	15696.63119433711	25166.067282602406	2783.6581873434593	17103.83657586549	20371.55482236738	19216.13004094842	
8633.89770331621	31544.697880166193	12546.869039403933	2258.4048809471583	4947.95092518764	23654.197057118643	13554.857571444796	22443.533642751674	11318.111144374303	18824.45089934832	21780.338217403383	11842.508350921757	7316.82299545565	10226.952474014368	14797.101150540511	14854.234726644037	15210.805465004127	12904.8298331373	14805.641570809094	19648.879015270577	13287.044006582164	5430.186546585803	7000.973279350544	5521.823740230331	9761.109381675902	12745.884850184662	14296.777054700638	2691.2958085640007	12996.350903117302	21519.60812615358	16600.13331375809	12221.150065669282	33335.00979543886	5250.914677649328	6553.929904950767	6502.98370181741	27593.766025411558	17871.80630524756	15212.8805358225	4904.845134580921	8818.01665393576	9343.371288857757	8503.640490054355	5690.042177083328	10644.275923096826	8067.089146452919	7033.02595055221	11825.918038926082	10716.706719027254	24749.057139982735	10978.977001024103	0.0	2889.8081166683455	11433.696599546089	8468.890725582469	3475.194745768886	26999.95216794584	9501.867227074252	13402.350396672562	10475.164462838695	18195.314366695555	15831.375344815808	26953.068346748205	23768.08770669261	9143.468248040408	19380.28962900497	8333.770699497809	10996.56230235597	30151.620373534723	25400.298956193008	12139.20974983083	3345.826347362122	2393.247307246176	16716.37241457158	15033.020864463273	27813.166083709268	8467.418298682724	21763.191784122897	23432.032659907487	19834.0087245833	
7464.73926507546	30451.141914267697	12130.438142382782	3504.59465977814	6101.414862425145	21962.490554882475	12243.183193260553	21643.730961279678	9155.143830785517	16681.019815853855	20782.14343805492	10878.086097073761	4428.731066904492	8821.160352649436	12969.18462420735	12727.604339111684	14499.72581282269	10496.359890266693	15356.983345163182	17857.111287608328	11289.779422004769	2867.3840906290757	5453.185459361688	7849.842022165769	9952.94940109256	10858.498055008557	13366.964938843665	5387.650713920434	13582.20584984531	19823.03128209463	14678.266719665675	9532.835686648852	31897.004135633055	2361.1688397385174	5081.158127081381	6803.193895378053	25983.75147377455	16330.449115981079	12984.050824997605	3487.5160405973897	6223.142655252494	6514.010836623611	7146.437861408656	3031.1750413975674	8412.737217682938	5561.129074364525	6500.73583958506	10182.739202676059	8002.768024921419	24323.654407735663	8101.534702254698	2889.8081166683455	0.0	10230.528240710442	10012.865518469394	3623.9953988365837	25852.314399289044	10558.21487032259	11869.74066569259	7996.189584567761	17904.35884355654	14357.04289377844	25148.335986322716	21825.65504733971	7126.268779414297	18198.344960958653	7604.801531980683	8566.215176545084	28418.98039210598	24726.17908396295	9282.244118640965	5225.539000131541	2004.9774301073576	15540.015882047639	14650.523809712666	26926.516378947643	5667.879226631962	20262.975879297588	22359.575360844323	19296.722109238155	
2813.6191951999926	39094.67835536575	22056.300718997125	13316.533212665925	8295.978692390749	29568.17239282197	21224.637835974157	30938.52178603741	4379.167556065954	23296.461860054857	29821.494811641303	20395.276205224145	9660.565625845393	1540.6833176118732	20896.36343859517	19863.974324978804	24105.995329811063	17005.077299959095	25586.40748798025	25445.738493896006	19002.20899443819	11587.43052034276	14921.970142646807	11517.794945316062	5164.391479168637	3319.9594150297685	22785.35246308462	11796.720888812068	23812.649124470423	27530.81490385215	22186.346755284743	14818.062741761147	39789.211249688364	9809.008784379172	5149.371279446507	6160.435135397158	33627.67570727357	24610.228204411993	19740.957198176016	13419.683188472807	6887.795724102559	8797.859469661571	16571.198012105262	8164.148274549303	16000.20860466438	13151.544428910027	4614.861864546647	18815.75283926901	7852.779238676827	33999.3858755379	11744.601136779274	11433.696599546089	10230.528240710442	0.0	9666.046018984245	8035.366479029797	34500.242099715884	8192.991402832537	2362.301196055753	14846.186585326659	27791.82745112119	22906.323450802727	32292.31721580043	28718.964596963415	4194.232329844539	27042.70968481246	17523.54953297753	5856.745397583029	35644.05093665807	34118.02023072213	12880.817086811885	9904.14696334504	12157.254390704104	24519.096621599725	24534.310588501765	35984.62125526892	11711.795230862164	28407.77616268183	31234.461554158202	28945.470866440657	
8207.516630171347	40013.47571063737	20946.749632428742	10627.506037898827	3930.7794285223886	31927.409712400266	21970.005901346147	30891.675091232282	12638.37416964061	26669.57967312412	30248.96281094471	20308.720180117973	13165.052134521602	9583.920938967616	22959.25893684071	22729.723442808427	23660.903410634623	20383.10147670388	22545.771789094946	27847.165484012756	21301.88830763154	12834.686240582012	15266.036267896401	3873.8648641569325	4732.6822264479415	12698.082702143227	22765.667779557934	6464.735086230763	20772.919247513266	29786.830254015567	24687.51515972888	19049.253590531895	41743.48982811277	11675.893945540602	8406.065911635807	4427.986989827065	35919.97655815294	26217.12613735245	22955.100633009326	13161.412666307457	12514.654132320633	14101.701750402635	16868.96380260735	10832.6235718935	18407.77547598271	15470.53403369539	6302.4042963427455	20095.84192418628	14458.15101354163	33066.506774693196	16797.315250219966	8468.890725582469	10012.865518469394	9666.046018984245	0.0	6530.847150533325	35465.33243601043	1983.754247384495	12001.1782869913	17866.71582973964	26491.355912284645	24199.88540318188	35148.00566083408	31838.507247085647	10799.295155737133	27836.55255683786	16802.64883536311	13395.283300377416	38403.02276159594	33812.293548797476	18103.994359557735	5123.468640203669	10721.696167729098	25169.595864290754	23397.67105079907	36269.03515702646	15093.328711453012	30134.974894698116	31900.38814256982	28221.287763877423	
5278.113656132056	34051.34745013567	15488.38451807527	5588.6415785127765	2610.9108785463586	25568.62123195711	15853.939854796043	25171.819558806805	8582.999517338354	20159.420469987203	24357.52847339912	14418.409240960063	6773.458248184813	6932.713401492296	16567.202070602172	16235.616464777251	17982.520847003874	13852.80167978208	18174.940903282517	21451.19940846147	14854.284874780902	6345.5664332308015	9063.576880668355	5241.260695707093	6508.250324771715	9694.791629133751	16909.71851874405	4049.6063011780857	16367.884574669471	23430.519913608845	18249.636815725364	12564.081450114381	35520.57386212802	5152.109971109318	3535.771475850501	3261.1233067359854	29597.666667952202	19953.620849095765	16438.351501590452	7037.386359718818	6935.810071851154	8115.477406947216	10743.957949765327	4499.102535169688	11912.537301940147	8948.048003932776	3559.3461757532277	13805.801185052718	8973.099346579607	27725.743218369676	10518.173177382994	3475.194745768886	3623.9953988365837	8035.366479029797	6530.847150533325	0.0	29457.727201626458	6938.531258265588	10110.330789339809	11336.601428497972	21232.799473378993	17980.715231621776	28729.486402820472	25372.34092722642	6369.98392252913	21802.086762933515	11041.63941325084	8642.63319530928	32012.818426358477	28220.749766533758	11806.46878977432	2610.6641305607154	4904.058761510367	19139.187250427163	18007.68692485918	30483.796379923653	8599.647096912782	23886.347139202117	25950.856539944405	22732.959740667204	
32280.104922207443	4613.475248973324	14905.224562493633	24906.325452429886	31755.84152939513	6431.654425725424	13610.498473664926	5365.529383802138	31066.524651692474	12635.12867942893	5319.646298740009	15157.443856054193	24847.057473634814	32966.724895990425	13630.17881704539	14934.398541269897	12021.495606520875	17815.645456577942	16391.731567714578	9614.10212251928	15526.685531632224	23432.595436792824	20399.174656562227	32263.230070147656	35729.64814443692	33203.762611688384	12719.726639342116	29282.452149906243	17354.91917805497	7700.567828712084	12587.5580380414	20265.0613559512	7019.3595237433565	25101.066132768803	30024.61218342523	32651.568547347688	4862.029240759396	9898.59210262742	15294.796669759347	22430.48621581343	27718.57091089431	25946.991981481624	18713.88156478878	26629.332776146806	18500.34959921122	21397.430359494403	32076.4491198656	15820.794740630205	27446.38326423364	6882.7304804653095	23366.333862844236	26999.95216794584	25852.314399289044	34500.242099715884	35465.33243601043	29457.727201626458	0.0	36328.80431724121	35064.66289565376	19697.219181196233	10732.652348183376	11634.635791257888	6969.158426629017	8812.357103446602	30333.807952219628	7655.763758027942	18671.80658295532	29537.747002328535	7109.8583263201235	4649.461817947715	22621.30256195109	30342.75234487044	24770.97443246206	10321.601742728222	12823.833619283934	2761.5637512554235	22794.686765648534	6313.0437534456905	3602.7991118424115	8512.876678557917	
7205.26153212802	40908.08903075693	22047.20438994575	11740.766947645934	4588.23749117705	32504.384591170634	22748.319575872116	31907.261166933014	11604.800133007975	26997.101680985677	31175.453007561773	21214.582894011954	13141.313458931794	8361.203868191737	23500.616656086466	23109.011238196013	24679.856968188815	20618.526981803872	23987.694321593164	28381.20135272421	21770.23636013276	13256.811327206047	15970.241440569622	5639.598885235279	3051.724846847224	11380.597313254126	23696.71449281527	7882.220913936827	22196.002360796425	30367.01070841058	25166.593179534553	19081.29150385474	42453.05346695806	11900.181389524505	7952.753092319747	4071.4861440773316	36535.93338691726	26887.845959223887	23267.66761432512	13904.745494628663	12018.637939930457	13754.489759039127	17629.41651424061	10822.628422170472	18795.36777001388	15789.637827055152	5625.660982069244	20740.508461532634	13853.134155568638	34247.792084430854	16599.732597686387	9501.867227074252	10558.21487032259	8192.991402832537	1983.754247384495	6938.531258265588	36328.80431724121	0.0	10462.530179418876	18117.823511075476	27687.493419513634	24906.22805912894	35648.42807831836	32263.789722244666	9980.940411981735	28675.98036164695	17754.2713987525	12548.750631738545	38940.600760000045	34891.63952734684	17905.091965140204	6236.1910021920985	11580.128836941505	26007.905073839986	24534.73727129174	37259.08188495664	15183.007609936147	30819.88585399588	32795.888004311986	29334.15210636057	
4840.730470758296	39624.24265603779	23294.422505473238	15142.768076660745	10603.185584816354	29847.198232965555	22079.932292971294	31784.965560878147	4037.671720994739	23420.00546592854	30574.46154238707	21462.540276900443	10479.25582558501	3181.5698059943675	21437.947945814463	20224.46465909448	25157.649671634772	17329.29149903417	27126.04684078848	25786.605970054705	19544.056557282678	12801.197168891013	16112.930207274985	13856.695641892198	7412.3587633834495	2038.2197002455737	23773.791824136173	13994.658478336118	25381.55496729869	27870.209970342697	22576.820999132695	14991.931902390283	40055.48123765893	11051.494218659287	6894.263405614818	8494.149665587165	33869.36024335212	25172.612549387322	20008.625690355126	14821.657907023862	7394.203868959764	9118.09241434819	17692.634864168387	9422.619878859095	16639.348617644195	13981.103158332373	6850.969339100965	19621.18907682218	7752.145758995095	35005.83802993388	11848.839294811454	13402.350396672562	11869.74066569259	2362.301196055753	12001.1782869913	10110.330789339809	35064.66289565376	10462.530179418876	0.0	15378.880296838677	28957.66298011772	23585.872002185868	32401.643590765383	28807.616460104688	5015.332559023718	27754.813897915978	18820.11961686439	5619.18709072435	35740.39810965469	34983.977210964884	12840.395460851723	12143.608475368377	13854.99739423528	25314.867749695208	25723.5442340453	36694.92134839453	12358.835545826449	28867.668548237303	31911.196718575346	29971.045506290637	
12809.645948390427	24274.011404485635	9647.693153467613	9484.177282198676	13939.020183812278	14798.492031513111	7043.73903988218	16549.538085725086	11411.51112707385	8891.153182026303	15247.963033996808	7230.528293629755	5298.252134799839	13325.284734257348	6067.579544935987	5108.721444879199	10544.309864645029	2516.5003485204393	14751.467771817152	10646.787267509437	4170.636361471212	5134.584152913154	4607.2706169559615	15821.508959320916	16775.49405096056	13559.760132360425	9030.833113868699	13162.013079256569	13444.291040833245	12722.808487892742	7370.472756771853	2315.0203202475	24996.177698492225	6221.628647490563	10748.2467789099	14087.499828525775	18872.661510033184	9799.302405654897	5164.64357917052	5997.3675703570425	8022.025323192409	6276.241647380952	4739.075599273235	7414.721454614263	1413.7361042392351	2436.4803081241716	13026.613817209489	4598.066127233734	7912.521321304599	20008.776021021047	4129.439588118129	10475.164462838695	7996.189584567761	14846.186585326659	17866.71582973964	11336.601428497972	19697.219181196233	18117.823511075476	15378.880296838677	0.0	14554.878801530042	8237.359422644224	17715.871367719014	14232.288237904228	10659.371665483814	12409.342350403904	6583.427329462344	9926.579484912047	21055.42862542121	19752.607295570964	4083.266935208135	13221.728510006902	8212.657468330632	10076.02247616321	11600.349079264288	21330.66841660561	3161.0372705849177	13561.940203896911	16540.297211059777	15104.265861667469	
25183.201967949648	14630.973013558445	5774.756010365226	15947.473707980824	23141.950532358664	11548.07121325316	7634.138118084832	5368.833936472226	25305.195080853973	12854.025191311455	5892.427079241815	7541.400100647983	18544.716395888612	26276.63816331196	10021.3674679618	11984.152536170419	4015.592109098704	13958.41376075436	5661.4969333088475	10328.475625109302	11270.743752131917	16210.751950513977	12875.21209585638	22928.904634574654	27739.864520886254	27411.021406636595	5541.391985540893	20051.368164077772	6708.036993992069	10389.004386760293	10630.309729457163	16229.198335154073	17751.5506125171	17987.633773706464	22777.900866458316	24488.456540784606	13799.01657693541	8093.585773240916	12749.566293099424	14469.29394587967	21717.075446991934	20373.50097279633	11265.162122229427	19635.177799545305	13141.521040261972	15147.267109908615	24404.868753384137	9969.810490114021	22200.724733259332	6576.061162357893	18681.603928168366	18195.314366695555	17904.35884355654	27791.82745112119	26491.355912284645	21232.799473378993	10732.652348183376	27687.493419513634	28957.66298011772	14554.878801530042	0.0	7706.935535879283	14651.997637548864	13547.151735004447	23946.250299067662	5922.607970386773	10318.534806839833	24005.717024248082	16677.279537205544	7588.793021213788	18514.73134625727	21464.831721318104	16328.776217354982	5741.537530769036	3262.4973335241216	10446.029958940857	16948.2843120267	9091.424580754257	7458.323075300302	2220.312371532061	
20647.90159283335	16246.759412878087	5976.093492584561	13924.76821561872	20380.903099448802	7908.322265759978	2379.222851550737	8368.940062922415	19642.94167702984	5567.619338196436	7011.603855745502	4536.085142038543	13245.774752681811	21368.584065548635	2476.223837561437	4383.455277973553	4283.4297174257	6821.540200465998	10732.522166535467	4297.721790577635	4178.698397423464	11829.889948451135	8944.980639753117	21287.739227420247	24143.250127392836	21792.437051998688	3251.9405502118407	18315.522801825922	10394.973088800094	5821.277992941399	2993.6644582457434	9287.59059448023	17552.59620205987	13474.465404942375	18391.1234538033	21120.36112131567	11769.22042416012	2059.614684720198	5102.426082300453	11040.186463529151	16198.421160605221	14508.710091582223	7336.113715334741	14994.816651715177	6946.763816720906	9771.756276776166	20464.586290609313	4204.165284807745	16136.009923764923	12021.282616267088	12184.41109061303	15831.375344815808	14357.04289377844	22906.323450802727	24199.88540318188	17980.715231621776	11634.635791257888	24906.22805912894	23585.872002185868	8237.359422644224	7706.935535879283	0.0	11316.34945423094	8572.51092013277	18764.119434318436	4172.723598099977	7802.761946433201	18163.90896136684	14392.61241460101	11558.524822716185	11689.32844717293	19120.436626728104	13493.286757196558	2085.947968546625	5988.347642034686	13109.54052470939	11239.200768842584	5936.185356602483	8334.072230824646	7454.070523105808	
30474.015230907706	9501.228932462069	16644.681705581523	25159.750083635718	31249.45953001919	3459.5665864099187	13694.736624567548	10201.330104866156	28372.15749864783	8998.561547991461	8926.622683989584	15800.035082913591	22996.64857315813	30820.35707952068	12190.495652667452	12612.801982878791	13961.316641759688	15350.394299039055	19942.50520407104	7308.394107117598	13878.211115177688	22392.01698883491	19957.704261784045	32461.057419889592	34482.20632752255	30414.312200090062	13886.038408249373	29515.823328535884	20348.096157680506	5495.386989661805	10481.8391022081	17477.525860357684	7948.827268586076	23813.299059076846	28463.70255482583	31693.58174433803	2326.548471443094	9268.775354411167	12601.515329156762	22066.603453828244	25411.8806742301	23494.676056000808	18480.704682462678	25119.56136668461	16875.140893270815	19906.590817598793	30734.00461041597	15127.797332582044	24653.200334368667	13247.975182016518	20587.934802016855	26953.068346748205	25148.335986322716	32292.31721580043	35148.00566083408	28729.486402820472	6969.158426629017	35648.42807831836	32401.643590765383	17715.871367719014	14651.997637548864	11316.34945423094	0.0	3596.3140133537418	28117.752410079247	9168.045679401375	19115.103984194837	26784.57574752358	3352.4751631182207	11169.626098299066	19561.900116764085	30161.97337801796	24572.194239247354	11224.954210916316	15388.565165535032	9717.835418113887	20849.39634110751	5872.055547108507	7824.417946819082	12682.982403879038	
26939.94586232694	12350.887561550311	14343.734947749068	22078.470482119366	27921.612307316183	2544.9126610012686	10911.737640129191	10172.205041710353	24779.492805629776	5424.221009023209	8546.752286153642	13103.845648901563	19487.797201102177	27253.804268930347	8978.889090919241	9160.156091762898	11935.826020108967	11823.476766667292	18322.364816020116	4288.580277782435	10538.477321972645	19026.81703227302	16772.053497545483	29289.604009769148	31007.38483885233	26818.750635920653	11524.399053220897	26378.494038869423	18436.538353061434	3190.99056576297	7171.591597351668	13900.97160862319	11454.406407707733	20386.76516089003	24966.620495379284	28276.13959797457	5383.469269245099	6661.41976058578	9082.894729790058	18863.712954713337	21844.534499238838	19921.444420783402	15388.017150794838	21646.825058700986	13468.563220324177	16481.820709291296	27258.642584525045	12006.12556925288	21060.6174375752	13843.764744715305	17001.965418291154	23768.08770669261	21825.65504733971	28718.964596963415	31838.507247085647	25372.34092722642	8812.357103446602	32263.789722244666	28807.616460104688	14232.288237904228	13547.151735004447	8572.51092013277	3596.3140133537418	0.0	24551.105178792423	7642.468536034147	16217.401876508668	23191.398515734298	6934.426414575045	12076.935028604474	15967.373867457081	26914.539698756165	21376.128804813237	9023.445472195324	13539.338150594234	11490.293711428363	17341.91192010629	4542.910540567698	8107.099361189411	11915.00756118749	
2853.5744307260093	34922.33579869604	18279.271352753163	10564.541430447729	7928.596150694309	25375.054319937262	17154.722658879866	26872.736959055987	2215.9547049552257	19126.97065817785	25712.141270647182	16462.961949587494	5539.567853953667	2702.752211326862	16717.45647715659	15669.822319498437	20164.41806435972	12813.521767425482	22184.80904872738	21251.509529988718	14821.59135992902	7790.32780859387	11097.690071921837	11220.60157754083	7488.489628778297	3736.9275159191225	18797.257609996766	10411.537843379532	20460.136567287747	23336.589455831236	17992.592280499353	10656.515664114368	35595.62929468151	6052.48228118549	2853.9243263956723	6410.941175185918	29435.982868189327	20438.230568441897	15552.330989242157	9854.74369154177	2706.6020122224754	4640.685023055081	12681.235051490934	4444.945884197925	11836.286322055124	9051.683011085765	4497.611424370153	14717.66431909883	4026.6109838792854	30030.540432710575	7629.6243689865605	9143.468248040408	7126.268779414297	4194.232329844539	10799.295155737133	6369.98392252913	30333.807952219628	9980.940411981735	5015.332559023718	10659.371665483814	23946.250299067662	18764.119434318436	28117.752410079247	24551.105178792423	0.0	22915.522686632434	13812.173486722615	2596.064927586995	31470.115961993226	30064.125174981124	8821.091336936239	8876.539735962662	9130.733428440715	20423.889750328857	20709.48531246904	31862.06839782374	7539.195302847133	24221.020965018524	27097.754851145146	24987.630554146017	
24736.25073854208	12253.468893586287	7719.08915987006	17323.316114519042	24106.481223696283	5827.954171475545	5961.550185438366	4341.189676627518	23815.607606060243	7575.487597996986	2849.8126125254194	7553.868686080833	17386.294004640746	25503.183335831407	6493.869399650731	8188.379556397392	4886.88910367377	10876.80355446722	10822.450691158538	4628.928776730646	8314.972073024403	15813.777520849027	12745.221917437046	24703.877759714796	28090.523419133653	25965.13958004059	5199.017527396629	21718.013866774792	11181.302412500107	4469.127482752743	6103.288783390013	13363.532386816105	14062.37643528254	17507.09708965735	22445.475304088253	24999.219164302136	8866.63812233805	3041.8689694670547	8768.954443637138	14775.281990346055	20364.695609565664	18681.433338236595	11058.16825585518	19063.866187001033	11115.801724771101	13892.741315284453	24455.550133678957	8245.77466949291	20301.99780806332	8212.924140686357	16324.776450339406	19380.28962900497	18198.344960958653	27042.70968481246	27836.55255683786	21802.086762933515	7655.763758027942	28675.98036164695	27754.813897915978	12409.342350403904	5922.607970386773	4172.723598099977	9168.045679401375	7642.468536034147	22915.522686632434	0.0	11075.50335730125	22335.561998309407	11719.907215476549	7465.990795821917	15769.313503125712	22717.53730534782	17128.27073538611	2669.0603309099693	6224.509213118291	8946.74784180579	15402.222603174627	3326.9790616749974	4202.473069770128	4548.897769924156	
14877.602759968588	23210.99138090137	4548.041789436362	6247.999198089536	13166.0394021227	15710.198248623657	5432.1120334559455	14157.104940444484	15380.280287123875	11951.341621879626	13447.505847738204	3521.788677411365	8684.394805181666	16024.70398740692	7451.689343626499	8314.694905257376	6944.160863681633	7828.913733685467	8662.920497077701	11945.55016775608	6599.452383988774	6022.614686944436	2801.769988276341	13632.237851323538	17516.660290500346	17412.468087194953	5963.067053444455	10646.011810360214	7126.020668286292	13620.051633243	9314.960699838024	8883.249091970909	25096.787253207553	7770.949778779932	12468.839118653483	14300.390179631808	19514.625156915194	9859.802944080962	8964.593320101738	4150.835808650201	11824.824588023897	10824.95446251157	1844.487609071661	9410.772064938996	5581.841397652214	5780.218613081645	14102.16343441552	4468.612915183893	12718.3240014831	16720.063772350237	10056.940001904837	8333.770699497809	7604.801531980683	17523.54953297753	16802.64883536311	11041.63941325084	18671.80658295532	17754.2713987525	18820.11961686439	6583.427329462344	10318.534806839833	7802.761946433201	19115.103984194837	16217.401876508668	13812.173486722615	11075.50335730125	0.0	14245.363691453644	22185.397140916844	17181.250860436485	10462.006074438881	11679.344717320666	6183.508830676378	8425.81095070498	7057.701732685124	19505.120729624417	7604.3961700764785	13636.759812505206	15098.998159180615	11701.68981469803	
5359.820872207128	34076.104536656225	18518.663073816584	12068.864359607707	10437.07555813777	24236.685473922164	16823.279419709062	26456.40564472946	1590.0879458770603	17800.908790667727	25174.398571476544	16464.478108771316	5561.854806141912	4675.028176806143	15938.090701871863	14646.849882507968	20091.022389731545	11749.81076207539	22849.373070913578	20191.88380762159	14055.923531412816	8373.077197901606	11446.529935484316	13680.699022909754	9953.421373282083	3672.835371513184	18644.903454477284	12606.23475815503	21199.210422299664	22272.704465732648	17002.938451563976	9381.771364992304	34440.203489463966	6868.410037955313	5275.435719569079	9001.14995900547	28253.1097460693	19668.03102205958	14405.785663118932	10637.907247599687	2472.455370375486	3677.044579039538	12856.013158316688	5556.9242558430915	11251.555750965976	8858.669794970101	7093.269282953134	14343.564508496063	2132.9990320334055	29820.005300785455	6236.725857702319	10996.56230235597	8566.215176545084	5856.745397583029	13395.283300377416	8642.63319530928	29537.747002328535	12548.750631738545	5619.18709072435	9926.579484912047	24005.717024248082	18163.90896136684	26784.57574752358	23191.398515734298	2596.064927586995	22335.561998309407	14245.363691453644	0.0	30125.035825567145	29660.75112313391	7226.580910264288	11225.499696759298	10496.937728855462	19975.28546454399	20838.2822299461	31247.787570313623	7085.157779790888	23305.951571385063	26453.64544423832	24833.24526548083	
33823.2448174087	7845.858792095901	19399.415065469788	28305.869349107812	34516.68597472374	6499.431525807112	16753.625665906875	11680.726292993175	31713.39777123199	12348.78640898445	10785.763312056897	18789.583194100283	26341.0167092409	34172.74322736042	15449.825403836887	15948.725641968931	16604.984727465857	18700.24478443898	22200.126919229464	10562.236823972335	17176.80729370846	25684.96838480556	23172.757994239648	35643.698243177125	37813.3631789099	33748.7031352553	16723.007249542356	32683.765411225744	22800.334999949802	8632.054947288829	13783.897090163637	20828.25822430181	5032.65211480615	27130.070433314362	31803.616269610273	35002.40197786747	2892.266933084392	12333.050003560626	15950.986903983458	25284.4786714494	28764.17715159981	26846.281710553416	21655.55828760878	28452.520070745955	20191.18760411956	23225.721611498346	34066.195656667216	18332.998904370357	27994.61689173904	13970.538916586947	23935.262535040547	30151.620373534723	28418.98039210598	35644.05093665807	38403.02276159594	32012.818426358477	7109.8583263201235	38940.600760000045	35740.39810965469	21055.42862542121	16677.279537205544	14392.61241460101	3352.4751631182207	6934.426414575045	31470.115961993226	11719.907215476549	22185.397140916844	30125.035825567145	0.0	11748.15051746027	22900.01420322511	33389.02312039976	27781.096280588772	14042.283446487338	17889.9576086725	9523.906542739762	24193.944533812853	8624.518015840418	9322.600552251028	14551.499791999411	
31678.84050663752	7305.32943952952	12865.627912514288	23191.97515626219	30309.480725075966	9532.444170133727	12909.84127902146	3204.346821582617	31104.755117746256	14454.847216386068	4655.693874468997	13862.430176691294	24527.385167670407	32578.683123849387	13949.001770275874	15648.057320202608	10238.230115959235	18335.45113515182	12968.12487496768	11259.095591475056	15735.876529248231	22638.19021185504	19379.580662095177	30353.62888779896	34675.13670885395	33253.42089621694	11392.424169130265	27428.912885047655	14240.511228202373	9894.350290755137	13493.61193299023	20819.20428772019	11103.080033122467	24393.619021782775	29321.673825423433	31476.824089464604	9322.031210853134	10444.154164971793	16204.248822747972	21238.6732544759	27594.39560799618	25988.154145630466	17675.580030806486	26007.65003092551	18409.280922317997	21015.000606152505	31170.259264342083	15362.859784966242	27665.070015598794	2237.106875895232	23742.43821343153	25400.298956193008	24726.17908396295	34118.02023072213	33812.293548797476	28220.749766533758	4649.461817947715	34891.63952734684	34983.977210964884	19752.607295570964	7588.793021213788	11558.524822716185	11169.626098299066	12076.935028604474	30064.125174981124	7465.990795821917	17181.250860436485	29660.75112313391	11748.15051746027	0.0	23225.070323825912	28724.212742001524	23357.676033012693	9685.728434432214	10438.665665604634	3055.678989415732	22637.65736787675	8171.003146875513	4088.3505203492555	5612.474854834464	
11482.915807002913	27090.116415049117	13730.324396099695	11849.659676742092	14343.703169521745	17083.96603142367	10906.915791777836	20050.258612736554	8816.094087211377	10590.630965683447	18613.586591229123	11299.865577471832	5048.326907798028	11485.261612734517	9276.773731473528	7703.29901689803	14499.981955735913	4893.132896520358	18815.423783525606	13115.138105477226	7521.91029097624	6912.622790533903	8062.536896332726	16883.350753606774	15958.00511216033	10854.77160486355	12973.349541387775	14658.472990227245	17465.774076267277	15176.509898651044	10035.661890591773	2405.9711440628507	27257.948966732376	6962.899460352347	9982.588147864002	13860.706095994743	21069.084614032912	12901.995338336334	7336.535340685831	8726.642741544138	6178.728315310991	4255.606060594497	8647.612226623172	7317.163494316144	5449.695834982727	4986.346368750398	12360.552222028846	8555.9870034523	5100.072941634192	23682.507929884618	1308.1913627245463	12139.20974983083	9282.244118640965	12880.817086811885	18103.994359557735	11806.46878977432	22621.30256195109	17905.091965140204	12840.395460851723	4083.266935208135	18514.73134625727	11689.32844717293	19561.900116764085	15967.373867457081	8821.091336936239	15769.313503125712	10462.006074438881	7226.580910264288	22900.01420322511	23225.070323825912	0.0	14165.14938875387	10293.639637441063	13681.755405722317	15638.924692304485	24516.049245770882	3744.0536328302755	16324.785761868941	19734.05180692129	18900.924883850133	
7347.14208970947	34890.03928024096	15861.735585585666	5533.950210716346	1915.360917150963	26899.13708717351	16868.17988954695	25782.21354822109	11070.689879547126	21852.54493560547	25126.15361312322	15185.68981903882	9119.804983742017	9038.633091377404	17976.66203582674	17885.596235385856	18549.713551279514	15720.219797687692	17800.968323942852	22853.66701628801	16385.494669539894	8090.54857784891	10217.450068377875	2719.6399232155673	6997.600714219943	11994.487285850671	17642.405762273756	1969.5035246597226	16001.001355736335	24760.312455333573	19744.59768070518	14691.70227908654	36648.51682492272	7280.781570151592	6022.810596071721	3989.8192285634245	30866.197429114665	21149.83753278528	18177.46213911606	8105.667566248792	9542.474007171302	10653.59246068381	11784.3232955517	6953.2949281047095	13594.593734610324	10786.46579458591	5297.218058440588	15057.65650333911	11578.338513754468	28031.77525583122	12902.142757296277	3345.826347362122	5225.539000131541	9904.14696334504	5123.468640203669	2610.6641305607154	30342.75234487044	6236.1910021920985	12143.608475368377	13221.728510006902	21464.831721318104	19120.436626728104	30161.97337801796	26914.539698756165	8876.539735962662	22717.53730534782	11679.344717320666	11225.499696759298	33389.02312039976	28724.212742001524	14165.14938875387	0.0	5627.15223028141	20051.710469884052	18332.500095329702	31155.07074932528	10755.243879048272	25056.408271073182	26776.92874235142	23146.0087013429	
9364.81186838835	29338.83217153789	10587.398026647425	1653.352157548892	6994.277014565052	21286.392262375914	11248.448065552102	20340.297650033986	11144.927046964804	16438.798869955972	19596.655403344852	9635.737181630924	5869.338452204399	10778.932205152863	12407.594927414191	12470.390814570663	13124.80767616874	10592.832072673187	13472.338710458778	17265.781359552206	10895.173745518834	3387.360293772997	4614.859405301663	7914.756709409315	11411.424470662929	12863.45979716448	12116.587761654286	5051.62611495334	11682.39998930036	19149.516436720423	14207.42429534938	10091.585066088008	31025.266746321	3866.116982370756	7018.713827737826	8161.7898439041155	25242.42517927549	15523.961803026828	12843.389549115045	2512.4219414119434	8100.775133493791	8135.59535685751	6157.173077777195	4940.1233432443305	8290.139838652189	5857.686477749685	8195.844517056828	9449.166687629782	9766.65448025319	22826.360051865508	9236.225834477516	2393.247307246176	2004.9774301073576	12157.254390704104	10721.696167729098	4904.058761510367	24770.97443246206	11580.128836941505	13854.99739423528	8212.657468330632	16328.776217354982	13493.286757196558	24572.194239247354	21376.128804813237	9130.733428440715	17128.27073538611	6183.508830676378	10496.937728855462	27781.096280588772	23357.676033012693	10293.639637441063	5627.15223028141	0.0	14459.48582096943	13105.23671034615	25682.130998273602	6551.812680809415	19429.264554610134	21224.23641800085	17844.72984534846	
22162.13562324308	14912.345585609535	5422.345076475239	14672.814083217441	21437.574531854752	7769.584539459345	3327.5469933814293	6481.445863092033	21420.798732187675	7173.322166097423	5311.486478177065	4909.092208000935	14884.628467083865	22978.42571216677	4553.4783847428025	6469.201016277414	2929.9818109732983	8849.317337152823	9442.864460104096	5062.09880507395	6162.01440432232	13194.664088106283	10088.225110878979	22058.03462169293	25446.89441530907	23569.969730446086	2680.8299803755613	19071.805726996412	9420.80069567475	5925.794005062894	4895.915009847855	11290.863447812519	16677.156106129776	14906.699211816507	19849.950508775677	22342.57418244172	11258.603318716736	2569.0634030227434	7181.626726826195	12109.117507333696	17921.459748956167	16302.427395367473	8395.819619655795	16482.78551665973	8724.193951680141	11374.82942284449	21827.859354717195	5706.6690585652805	17987.12855507831	10000.757244881497	14109.1920218065	16716.37241457158	15540.015882047639	24519.096621599725	25169.595864290754	19139.187250427163	10321.601742728222	26007.905073839986	25314.867749695208	10076.02247616321	5741.537530769036	2085.947968546625	11224.954210916316	9023.445472195324	20423.889750328857	2669.0603309099693	8425.81095070498	19975.28546454399	14042.283446487338	9685.728434432214	13681.755405722317	20051.710469884052	14459.48582096943	0.0	4600.94921632155	11488.26300014314	12959.579134614616	5421.711295233361	6825.2117070607055	5368.123657963602	
21920.97742698207	17086.150180617446	2522.3440874644034	12800.255415340038	19970.63789362971	12009.1102689015	5050.020159584809	7700.929299883669	22108.558706251803	11541.399044164016	7545.482446174177	4414.976783183984	15342.674583132512	23021.354235315168	7877.2428640969465	9780.641441188636	1719.2608212945286	11326.480318467955	4842.731731982761	9662.984566608064	8747.325580487943	12958.253091167677	9624.362082929467	19914.994447324025	24510.65723347619	24202.77916920018	2965.425830984262	16994.65726605692	4960.868700896895	10376.29714079503	8957.90547755521	13441.960337812967	19724.82222922726	14733.722807308362	19515.456677453538	21266.919656507176	15010.451009818813	7160.491592204705	10584.63266725069	11208.504708577173	18519.383678877177	17232.314798311796	8035.923681508157	16381.429261762989	10199.882625882397	11992.275648259398	21151.204801768476	7109.6728701731245	19080.74290567986	9726.166674480033	15696.63119433711	15033.020864463273	14650.523809712666	24534.310588501765	23397.67105079907	18007.68692485918	12823.833619283934	24534.73727129174	25723.5442340453	11600.349079264288	3262.4973335241216	5988.347642034686	15388.565165535032	13539.338150594234	20709.48531246904	6224.509213118291	7057.701732685124	20838.2822299461	17889.9576086725	10438.665665604634	15638.924692304485	18332.500095329702	13105.23671034615	4600.94921632155	0.0	13065.59570641929	13817.009804598367	9525.280120603678	9269.934132487842	4829.530779040056	
33649.99566327813	4256.612938088695	15384.486415310126	25644.98189327249	32670.926734915567	9037.889556067254	14811.908059023026	5390.181863278525	32742.178280865497	14928.541373486132	6177.454975967276	16065.894409173772	26331.214362138042	34444.5782503448	15323.719325591424	16818.620336040094	12608.93010907649	19643.67789126196	15946.776951554648	11794.776306082367	17194.19095461386	24671.751526040505	21502.749769551465	32906.82578822242	36870.86508634503	34890.25592208806	13575.227055301175	29952.71851105085	17147.620743051055	10042.189615172103	14522.83780500295	22125.410596593483	8149.2674197161305	26392.768367075274	31336.417871381356	33720.509567604895	7552.801111927879	11622.221750976018	17265.387862024618	23453.27036475706	29307.857341503943	27606.885227989806	19795.428608884824	27970.97531401388	20056.271397175442	22833.10563117737	33288.30954100112	17173.45567514952	29192.84715320207	5108.21958385367	25166.067282602406	27813.166083709268	26926.516378947643	35984.62125526892	36269.03515702646	30483.796379923653	2761.5637512554235	37259.08188495664	36694.92134839453	21330.66841660561	10446.029958940857	13109.54052470939	9717.835418113887	11490.293711428363	31862.06839782374	8946.74784180579	19505.120729624417	31247.787570313623	9523.906542739762	3055.678989415732	24516.049245770882	31155.07074932528	25682.130998273602	11488.26300014314	13065.59570641929	0.0	24347.158170503117	8476.740003166038	4796.088662478968	8334.586211777165	
9649.980674508133	27384.797339063574	11578.643989715334	8107.065915671642	11205.529289887696	17958.479191648155	9756.279245890508	19435.629119904366	8475.471737677828	11958.631297811913	18216.558522854164	9415.90992180523	2147.266001374765	10184.04151459528	9184.899800020909	8259.279864921396	13012.035527373591	5525.865641780243	16250.965725436796	13807.743890233356	7292.030537990883	3168.6046716352676	4887.475582267338	13446.831328931898	13683.937933389989	10620.709675818796	11560.110102688526	11051.663006718116	14728.566110837886	15883.725689588035	10531.489024110264	3964.686641992722	28157.11421963021	3480.2207273763534	7626.155295599432	11119.796735878725	22032.23813001417	12900.148846858126	8259.032331060978	5087.50615154018	4964.843377594747	3426.559069845018	5983.707876525637	4371.137787433372	4298.907269895039	1855.1708851410783	9941.058487895674	7282.090937310543	5264.278677436575	22742.493319923193	2783.6581873434593	8467.418298682724	5667.879226631962	11711.795230862164	15093.328711453012	8599.647096912782	22794.686765648534	15183.007609936147	12358.835545826449	3161.0372705849177	16948.2843120267	11239.200768842584	20849.39634110751	17341.91192010629	7539.195302847133	15402.222603174627	7604.3961700764785	7085.157779790888	24193.944533812853	22637.65736787675	3744.0536328302755	10755.243879048272	6551.812680809415	12959.579134614616	13817.009804598367	24347.158170503117	0.0	16702.877741221884	19572.350847325702	17748.592135014063	
26296.678103778784	10775.770917077372	10812.423264294644	19827.64943530385	26307.862750190026	2501.76131861201	8230.241473807362	5786.3802660838855	24850.6668899108	6457.671665780046	4085.3862887978894	10191.999398268706	18801.256954877088	26884.693842861318	7529.358682993311	8664.329608659145	8091.806382760895	11558.750146879727	14148.288653704101	3326.256962349999	9412.929159438407	17666.99719348298	14874.514382408994	27204.63955256253	29966.929131178782	26977.70263885158	8102.175852474261	24226.62496449079	14486.148752226054	1733.3789696249241	6308.235752149561	13984.459634998031	11634.46747207625	19252.15887105804	24111.802185675457	26995.583773354538	5881.281591137337	3933.0179885077155	8990.715143608484	16974.082895438834	21569.535253765338	19755.41444168169	13272.136067205254	20710.784265356644	12450.11576173232	15433.12578702406	26257.28432282278	10080.640024374903	21200.075365797235	9646.566782975371	17103.83657586549	21763.191784122897	20262.975879297588	28407.77616268183	30134.974894698116	23886.347139202117	6313.0437534456905	30819.88585399588	28867.668548237303	13561.940203896911	9091.424580754257	5936.185356602483	5872.055547108507	4542.910540567698	24221.020965018524	3326.9790616749974	13636.759812505206	23305.951571385063	8624.518015840418	8171.003146875513	16324.785761868941	25056.408271073182	19429.264554610134	5421.711295233361	9525.280120603678	8476.740003166038	16702.877741221884	0.0	4088.306700115308	7378.4860487438855	
28938.347326748764	8115.094367171917	11305.660707401703	21323.32350491336	28215.964020093747	5586.6246839513215	10146.998092384	2397.4579850448904	27951.331723136667	10452.453462917636	1727.876108477565	11594.227267328386	21575.11057404927	29695.641586703892	10527.696198940139	12045.93167059913	8419.481230906427	14854.974359890497	13091.763902997713	7258.599574940961	12398.868681429736	20009.94854036175	16910.344835958775	28671.25618534426	32272.104731360378	30098.72405079194	9138.418298631988	25692.448264745715	13922.524876917438	5806.945723792967	9776.124441588518	17339.309980805643	10461.012218364955	21708.150130931037	26647.41247087912	29162.763448315727	6504.521603481643	6833.188072092222	12519.51868989129	18914.86281405734	24528.698421404635	22816.343638814433	15213.202226108695	23266.338635996093	15276.772628728584	18088.126729307278	28648.744780816058	12447.665893801299	24396.91071511856	5737.196852610733	20371.55482236738	23432.032659907487	22359.575360844323	31234.461554158202	31900.38814256982	25950.856539944405	3602.7991118424115	32795.888004311986	31911.196718575346	16540.297211059777	7458.323075300302	8334.072230824646	7824.417946819082	8107.099361189411	27097.754851145146	4202.473069770128	15098.998159180615	26453.64544423832	9322.600552251028	4088.3505203492555	19734.05180692129	26776.92874235142	21224.23641800085	6825.2117070607055	9269.934132487842	4796.088662478968	19572.350847325702	4088.306700115308	0.0	5272.738831247686	
26416.032031170216	12471.779020886726	7287.146627522641	17612.068549414435	24760.189019460748	9740.845752522175	8061.229481457376	3151.172477142548	26203.102470468344	12007.145599944213	3788.943255307639	8551.09404360518	19496.015246459137	27414.653169947287	9915.823959029756	11837.170558391244	4841.515173845085	14144.899719734593	7881.591204185654	9170.94023064711	11434.306705924506	17374.754357487313	14059.919071272889	24743.38263005229	29217.740008406432	28335.67263574564	6200.553485996585	21824.012389975658	8886.74805239299	8852.350456998936	10130.506362382575	16539.351044172985	15531.478207495702	19149.350800305754	24029.640040815324	25993.86634028215	11689.96517252936	7260.093200554445	12542.943351476799	15817.608388652088	22635.414789790208	21163.83401046872	12382.229541553923	20786.74140742355	13702.353371258254	16017.266446631676	25780.573241705984	10528.930970257123	22934.790099196267	5055.265113706948	19216.13004094842	19834.0087245833	19296.722109238155	28945.470866440657	28221.287763877423	22732.959740667204	8512.876678557917	29334.15210636057	29971.045506290637	15104.265861667469	2220.312371532061	7454.070523105808	12682.982403879038	11915.00756118749	24987.630554146017	4548.897769924156	11701.68981469803	24833.24526548083	14551.499791999411	5612.474854834464	18900.924883850133	23146.0087013429	17844.72984534846	5368.123657963602	4829.530779040056	8334.586211777165	17748.592135014063	7378.4860487438855	5272.738831247686	0.0	
